country_name,country_code,year,gdp_usd,latitude,longitude
Afghanistan,AFG,2009,12439,34.5167,69.1833
Afghanistan,AFG,2010,15857,34.5167,69.1833
Afghanistan,AFG,2011,17804,34.5167,69.1833
Afghanistan,AFG,2012,20002,34.5167,69.1833
Afghanistan,AFG,2013,20561,34.5167,69.1833
Afghanistan,AFG,2014,20485,34.5167,69.1833
Afghanistan,AFG,2015,19907,34.5167,69.1833
Afghanistan,AFG,2016,19363,34.5167,69.1833
Afghanistan,AFG,2017,20192,34.5167,69.1833
Afghanistan,AFG,2018,19363,34.5167,69.1833
Albania,ALB,2009,12044,41.3275,19.8189
Albania,ALB,2010,11927,41.3275,19.8189
Albania,ALB,2011,12891,41.3275,19.8189
Albania,ALB,2012,12320,41.3275,19.8189
Albania,ALB,2013,12776,41.3275,19.8189
Albania,ALB,2014,13228,41.3275,19.8189
Albania,ALB,2015,11387,41.3275,19.8189
Albania,ALB,2016,11861,41.3275,19.8189
Albania,ALB,2017,13025,41.3275,19.8189
Albania,ALB,2018,15059,41.3275,19.8189
Algeria,DZA,2009,137211,36.7631,3.0506
Algeria,DZA,2010,161207,36.7631,3.0506
Algeria,DZA,2011,200019,36.7631,3.0506
Algeria,DZA,2012,209059,36.7631,3.0506
Algeria,DZA,2013,209755,36.7631,3.0506
Algeria,DZA,2014,213810,36.7631,3.0506
Algeria,DZA,2015,165979,36.7631,3.0506
Algeria,DZA,2016,160130,36.7631,3.0506
Algeria,DZA,2017,167555,36.7631,3.0506
Algeria,DZA,2018,180689,36.7631,3.0506
American Samoa,ASM,2009,678,-14.274,-170.7046
American Samoa,ASM,2010,576,-14.274,-170.7046
American Samoa,ASM,2011,574,-14.274,-170.7046
American Samoa,ASM,2012,644,-14.274,-170.7046
American Samoa,ASM,2013,641,-14.274,-170.7046
American Samoa,ASM,2014,643,-14.274,-170.7046
American Samoa,ASM,2015,661,-14.274,-170.7046
American Samoa,ASM,2016,653,-14.274,-170.7046
American Samoa,ASM,2017,634,-14.274,-170.7046
American Samoa,ASM,2018,NA,-14.274,-170.7046
Andorra,AND,2009,3661,42.5,1.5165
Andorra,AND,2010,3356,42.5,1.5165
Andorra,AND,2011,3442,42.5,1.5165
Andorra,AND,2012,3165,42.5,1.5165
Andorra,AND,2013,3282,42.5,1.5165
Andorra,AND,2014,3351,42.5,1.5165
Andorra,AND,2015,2811,42.5,1.5165
Andorra,AND,2016,2877,42.5,1.5165
Andorra,AND,2017,3013,42.5,1.5165
Andorra,AND,2018,3237,42.5,1.5165
Angola,AGO,2009,70307,-8.8383,13.2344
Angola,AGO,2010,83799,-8.8383,13.2344
Angola,AGO,2011,111790,-8.8383,13.2344
Angola,AGO,2012,128053,-8.8383,13.2344
Angola,AGO,2013,136710,-8.8383,13.2344
Angola,AGO,2014,145712,-8.8383,13.2344
Angola,AGO,2015,116194,-8.8383,13.2344
Angola,AGO,2016,101124,-8.8383,13.2344
Angola,AGO,2017,122124,-8.8383,13.2344
Angola,AGO,2018,105751,-8.8383,13.2344
Antigua and Barbuda,ATG,2009,1224,17.118,-61.85
Antigua and Barbuda,ATG,2010,1152,17.118,-61.85
Antigua and Barbuda,ATG,2011,1142,17.118,-61.85
Antigua and Barbuda,ATG,2012,1211,17.118,-61.85
Antigua and Barbuda,ATG,2013,1193,17.118,-61.85
Antigua and Barbuda,ATG,2014,1276,17.118,-61.85
Antigua and Barbuda,ATG,2015,1359,17.118,-61.85
Antigua and Barbuda,ATG,2016,1465,17.118,-61.85
Antigua and Barbuda,ATG,2017,1510,17.118,-61.85
Antigua and Barbuda,ATG,2018,1624,17.118,-61.85
Argentina,ARG,2009,332976,-34.6025,-58.3975
Argentina,ARG,2010,423627,-34.6025,-58.3975
Argentina,ARG,2011,530163,-34.6025,-58.3975
Argentina,ARG,2012,545982,-34.6025,-58.3975
Argentina,ARG,2013,552025,-34.6025,-58.3975
Argentina,ARG,2014,526320,-34.6025,-58.3975
Argentina,ARG,2015,594749,-34.6025,-58.3975
Argentina,ARG,2016,557531,-34.6025,-58.3975
Argentina,ARG,2017,642696,-34.6025,-58.3975
Argentina,ARG,2018,518475,-34.6025,-58.3975
Armenia,ARM,2009,8648,40.1812,44.5136
Armenia,ARM,2010,9260,40.1812,44.5136
Armenia,ARM,2011,10142,40.1812,44.5136
Armenia,ARM,2012,10619,40.1812,44.5136
Armenia,ARM,2013,11121,40.1812,44.5136
Armenia,ARM,2014,11610,40.1812,44.5136
Armenia,ARM,2015,10553,40.1812,44.5136
Armenia,ARM,2016,10546,40.1812,44.5136
Armenia,ARM,2017,11527,40.1812,44.5136
Armenia,ARM,2018,12433,40.1812,44.5136
Aruba,ABW,2009,2499,12.5304,-70.029
Aruba,ABW,2010,2391,12.5304,-70.029
Aruba,ABW,2011,2550,12.5304,-70.029
Aruba,ABW,2012,2535,12.5304,-70.029
Aruba,ABW,2013,2582,12.5304,-70.029
Aruba,ABW,2014,2650,12.5304,-70.029
Aruba,ABW,2015,2692,12.5304,-70.029
Aruba,ABW,2016,2647,12.5304,-70.029
Aruba,ABW,2017,2701,12.5304,-70.029
Aruba,ABW,2018,NA,12.5304,-70.029
Australia,AUS,2009,927805,-35.283,149.129
Australia,AUS,2010,1146138,-35.283,149.129
Australia,AUS,2011,1396650,-35.283,149.129
Australia,AUS,2012,1546152,-35.283,149.129
Australia,AUS,2013,1576184,-35.283,149.129
Australia,AUS,2014,1467484,-35.283,149.129
Australia,AUS,2015,1351520,-35.283,149.129
Australia,AUS,2016,1210028,-35.283,149.129
Australia,AUS,2017,1330803,-35.283,149.129
Australia,AUS,2018,1432195,-35.283,149.129
Austria,AUT,2009,400172,48.2,16.3666
Austria,AUT,2010,391893,48.2,16.3666
Austria,AUT,2011,431120,48.2,16.3666
Austria,AUT,2012,409425,48.2,16.3666
Austria,AUT,2013,430069,48.2,16.3666
Austria,AUT,2014,441996,48.2,16.3666
Austria,AUT,2015,381806,48.2,16.3666
Austria,AUT,2016,394053,48.2,16.3666
Austria,AUT,2017,416836,48.2,16.3666
Austria,AUT,2018,455737,48.2,16.3666
Azerbaijan,AZE,2009,44291,40.3953,49.8622
Azerbaijan,AZE,2010,52903,40.3953,49.8622
Azerbaijan,AZE,2011,65952,40.3953,49.8622
Azerbaijan,AZE,2012,69684,40.3953,49.8622
Azerbaijan,AZE,2013,74164,40.3953,49.8622
Azerbaijan,AZE,2014,75244,40.3953,49.8622
Azerbaijan,AZE,2015,53074,40.3953,49.8622
Azerbaijan,AZE,2016,37868,40.3953,49.8622
Azerbaijan,AZE,2017,40866,40.3953,49.8622
Azerbaijan,AZE,2018,46940,40.3953,49.8622
"Bahamas, The",BHS,2009,9982,25.0834,-77.35
"Bahamas, The",BHS,2010,10096,25.0834,-77.35
"Bahamas, The",BHS,2011,10070,25.0834,-77.35
"Bahamas, The",BHS,2012,10721,25.0834,-77.35
"Bahamas, The",BHS,2013,10628,25.0834,-77.35
"Bahamas, The",BHS,2014,10957,25.0834,-77.35
"Bahamas, The",BHS,2015,11792,25.0834,-77.35
"Bahamas, The",BHS,2016,11839,25.0834,-77.35
"Bahamas, The",BHS,2017,12162,25.0834,-77.35
"Bahamas, The",BHS,2018,NA,25.0834,-77.35
Bahrain,BHR,2009,22938,26.2361,50.5831
Bahrain,BHR,2010,25713,26.2361,50.5831
Bahrain,BHR,2011,28777,26.2361,50.5831
Bahrain,BHR,2012,30749,26.2361,50.5831
Bahrain,BHR,2013,32540,26.2361,50.5831
Bahrain,BHR,2014,33388,26.2361,50.5831
Bahrain,BHR,2015,31126,26.2361,50.5831
Bahrain,BHR,2016,32250,26.2361,50.5831
Bahrain,BHR,2017,35433,26.2361,50.5831
Bahrain,BHR,2018,37746,26.2361,50.5831
Bangladesh,BGD,2009,102478,23.7231,90.4086
Bangladesh,BGD,2010,115279,23.7231,90.4086
Bangladesh,BGD,2011,128638,23.7231,90.4086
Bangladesh,BGD,2012,133356,23.7231,90.4086
Bangladesh,BGD,2013,149990,23.7231,90.4086
Bangladesh,BGD,2014,172885,23.7231,90.4086
Bangladesh,BGD,2015,195079,23.7231,90.4086
Bangladesh,BGD,2016,221415,23.7231,90.4086
Bangladesh,BGD,2017,249724,23.7231,90.4086
Bangladesh,BGD,2018,274025,23.7231,90.4086
Barbados,BRB,2009,4480,13.102,-59.6165
Barbados,BRB,2010,4530,13.102,-59.6165
Barbados,BRB,2011,4661,13.102,-59.6165
Barbados,BRB,2012,4656,13.102,-59.6165
Barbados,BRB,2013,4613,13.102,-59.6165
Barbados,BRB,2014,4608,13.102,-59.6165
Barbados,BRB,2015,4584,13.102,-59.6165
Barbados,BRB,2016,4529,13.102,-59.6165
Barbados,BRB,2017,4674,13.102,-59.6165
Barbados,BRB,2018,NA,13.102,-59.6165
Belarus,BLR,2009,50874,53.9,27.5666
Belarus,BLR,2010,58665,53.9,27.5666
Belarus,BLR,2011,61758,53.9,27.5666
Belarus,BLR,2012,65685,53.9,27.5666
Belarus,BLR,2013,75528,53.9,27.5666
Belarus,BLR,2014,78814,53.9,27.5666
Belarus,BLR,2015,56455,53.9,27.5666
Belarus,BLR,2016,47723,53.9,27.5666
Belarus,BLR,2017,54727,53.9,27.5666
Belarus,BLR,2018,59662,53.9,27.5666
Belgium,BEL,2009,484553,50.8333,4.3333
Belgium,BEL,2010,483548,50.8333,4.3333
Belgium,BEL,2011,527008,50.8333,4.3333
Belgium,BEL,2012,497884,50.8333,4.3333
Belgium,BEL,2013,520925,50.8333,4.3333
Belgium,BEL,2014,530808,50.8333,4.3333
Belgium,BEL,2015,455940,50.8333,4.3333
Belgium,BEL,2016,469677,50.8333,4.3333
Belgium,BEL,2017,494902,50.8333,4.3333
Belgium,BEL,2018,531767,50.8333,4.3333
Belize,BLZ,2009,1335,17.252,-88.7671
Belize,BLZ,2010,1397,17.252,-88.7671
Belize,BLZ,2011,1487,17.252,-88.7671
Belize,BLZ,2012,1564,17.252,-88.7671
Belize,BLZ,2013,1608,17.252,-88.7671
Belize,BLZ,2014,1693,17.252,-88.7671
Belize,BLZ,2015,1763,17.252,-88.7671
Belize,BLZ,2016,1807,17.252,-88.7671
Belize,BLZ,2017,1863,17.252,-88.7671
Belize,BLZ,2018,1925,17.252,-88.7671
Benin,BEN,2009,7097,6.4833,2.6166
Benin,BEN,2010,6970,6.4833,2.6166
Benin,BEN,2011,7814,6.4833,2.6166
Benin,BEN,2012,8153,6.4833,2.6166
Benin,BEN,2013,9157,6.4833,2.6166
Benin,BEN,2014,9707,6.4833,2.6166
Benin,BEN,2015,8291,6.4833,2.6166
Benin,BEN,2016,8573,6.4833,2.6166
Benin,BEN,2017,9247,6.4833,2.6166
Benin,BEN,2018,10359,6.4833,2.6166
Bermuda,BMU,2009,5806,32.2942,-64.7839
Bermuda,BMU,2010,5744,32.2942,-64.7839
Bermuda,BMU,2011,5551,32.2942,-64.7839
Bermuda,BMU,2012,5538,32.2942,-64.7839
Bermuda,BMU,2013,5574,32.2942,-64.7839
Bermuda,BMU,2014,NA,32.2942,-64.7839
Bermuda,BMU,2015,NA,32.2942,-64.7839
Bermuda,BMU,2016,NA,32.2942,-64.7839
Bermuda,BMU,2017,NA,32.2942,-64.7839
Bermuda,BMU,2018,NA,32.2942,-64.7839
Bhutan,BTN,2009,1265,27.473,89.639
Bhutan,BTN,2010,1585,27.473,89.639
Bhutan,BTN,2011,1820,27.473,89.639
Bhutan,BTN,2012,1824,27.473,89.639
Bhutan,BTN,2013,1798,27.473,89.639
Bhutan,BTN,2014,1977,27.473,89.639
Bhutan,BTN,2015,2060,27.473,89.639
Bhutan,BTN,2016,2220,27.473,89.639
Bhutan,BTN,2017,2528,27.473,89.639
Bhutan,BTN,2018,2535,27.473,89.639
Bolivia,BOL,2009,17340,-16.498,-68.15
Bolivia,BOL,2010,19650,-16.498,-68.15
Bolivia,BOL,2011,23963,-16.498,-68.15
Bolivia,BOL,2012,27084,-16.498,-68.15
Bolivia,BOL,2013,30659,-16.498,-68.15
Bolivia,BOL,2014,32996,-16.498,-68.15
Bolivia,BOL,2015,33000,-16.498,-68.15
Bolivia,BOL,2016,33941,-16.498,-68.15
Bolivia,BOL,2017,37509,-16.498,-68.15
Bolivia,BOL,2018,40288,-16.498,-68.15
Bosnia and Herzegovina,BIH,2009,17614,43.85,18.383
Bosnia and Herzegovina,BIH,2010,17177,43.85,18.383
Bosnia and Herzegovina,BIH,2011,18645,43.85,18.383
Bosnia and Herzegovina,BIH,2012,17227,43.85,18.383
Bosnia and Herzegovina,BIH,2013,18179,43.85,18.383
Bosnia and Herzegovina,BIH,2014,18558,43.85,18.383
Bosnia and Herzegovina,BIH,2015,16212,43.85,18.383
Bosnia and Herzegovina,BIH,2016,16913,43.85,18.383
Bosnia and Herzegovina,BIH,2017,18080,43.85,18.383
Bosnia and Herzegovina,BIH,2018,19782,43.85,18.383
Botswana,BWA,2009,10267,-24.6463,25.9119
Botswana,BWA,2010,12787,-24.6463,25.9119
Botswana,BWA,2011,15352,-24.6463,25.9119
Botswana,BWA,2012,16067,-24.6463,25.9119
Botswana,BWA,2013,14902,-24.6463,25.9119
Botswana,BWA,2014,16251,-24.6463,25.9119
Botswana,BWA,2015,14421,-24.6463,25.9119
Botswana,BWA,2016,15646,-24.6463,25.9119
Botswana,BWA,2017,17407,-24.6463,25.9119
Botswana,BWA,2018,18616,-24.6463,25.9119
Brazil,BRA,2009,1667020,-15.7833,-47.9161
Brazil,BRA,2010,2208872,-15.7833,-47.9161
Brazil,BRA,2011,2616202,-15.7833,-47.9161
Brazil,BRA,2012,2465189,-15.7833,-47.9161
Brazil,BRA,2013,2472806,-15.7833,-47.9161
Brazil,BRA,2014,2455994,-15.7833,-47.9161
Brazil,BRA,2015,1802214,-15.7833,-47.9161
Brazil,BRA,2016,1796275,-15.7833,-47.9161
Brazil,BRA,2017,2053595,-15.7833,-47.9161
Brazil,BRA,2018,1868626,-15.7833,-47.9161
British Virgin Islands,VGB,2009,NA,18.4167,-64.6167
British Virgin Islands,VGB,2010,NA,18.4167,-64.6167
British Virgin Islands,VGB,2011,NA,18.4167,-64.6167
British Virgin Islands,VGB,2012,NA,18.4167,-64.6167
British Virgin Islands,VGB,2013,NA,18.4167,-64.6167
British Virgin Islands,VGB,2014,NA,18.4167,-64.6167
British Virgin Islands,VGB,2015,NA,18.4167,-64.6167
British Virgin Islands,VGB,2016,NA,18.4167,-64.6167
British Virgin Islands,VGB,2017,NA,18.4167,-64.6167
British Virgin Islands,VGB,2018,NA,18.4167,-64.6167
Brunei Darussalam,BRN,2009,10732,4.8833,114.9333
Brunei Darussalam,BRN,2010,13707,4.8833,114.9333
Brunei Darussalam,BRN,2011,18525,4.8833,114.9333
Brunei Darussalam,BRN,2012,19048,4.8833,114.9333
Brunei Darussalam,BRN,2013,18094,4.8833,114.9333
Brunei Darussalam,BRN,2014,17098,4.8833,114.9333
Brunei Darussalam,BRN,2015,12930,4.8833,114.9333
Brunei Darussalam,BRN,2016,11401,4.8833,114.9333
Brunei Darussalam,BRN,2017,12128,4.8833,114.9333
Brunei Darussalam,BRN,2018,13567,4.8833,114.9333
Bulgaria,BGR,2009,51884,42.6833,23.3167
Bulgaria,BGR,2010,50610,42.6833,23.3167
Bulgaria,BGR,2011,57418,42.6833,23.3167
Bulgaria,BGR,2012,53903,42.6833,23.3167
Bulgaria,BGR,2013,55555,42.6833,23.3167
Bulgaria,BGR,2014,56815,42.6833,23.3167
Bulgaria,BGR,2015,50201,42.6833,23.3167
Bulgaria,BGR,2016,53241,42.6833,23.3167
Bulgaria,BGR,2017,58221,42.6833,23.3167
Bulgaria,BGR,2018,65133,42.6833,23.3167
Burkina Faso,BFA,2009,8369,12.3703,-1.5247
Burkina Faso,BFA,2010,8980,12.3703,-1.5247
Burkina Faso,BFA,2011,10724,12.3703,-1.5247
Burkina Faso,BFA,2012,11166,12.3703,-1.5247
Burkina Faso,BFA,2013,11947,12.3703,-1.5247
Burkina Faso,BFA,2014,12377,12.3703,-1.5247
Burkina Faso,BFA,2015,10419,12.3703,-1.5247
Burkina Faso,BFA,2016,10886,12.3703,-1.5247
Burkina Faso,BFA,2017,12323,12.3703,-1.5247
Burkina Faso,BFA,2018,14442,12.3703,-1.5247
Burundi,BDI,2009,1781,-3.3761,29.36
Burundi,BDI,2010,2032,-3.3761,29.36
Burundi,BDI,2011,2236,-3.3761,29.36
Burundi,BDI,2012,2333,-3.3761,29.36
Burundi,BDI,2013,2452,-3.3761,29.36
Burundi,BDI,2014,2706,-3.3761,29.36
Burundi,BDI,2015,3104,-3.3761,29.36
Burundi,BDI,2016,2959,-3.3761,29.36
Burundi,BDI,2017,3172,-3.3761,29.36
Burundi,BDI,2018,3078,-3.3761,29.36
Cabo Verde,CPV,2009,1712,14.9167,-23.5167
Cabo Verde,CPV,2010,1664,14.9167,-23.5167
Cabo Verde,CPV,2011,1865,14.9167,-23.5167
Cabo Verde,CPV,2012,1752,14.9167,-23.5167
Cabo Verde,CPV,2013,1850,14.9167,-23.5167
Cabo Verde,CPV,2014,1860,14.9167,-23.5167
Cabo Verde,CPV,2015,1597,14.9167,-23.5167
Cabo Verde,CPV,2016,1663,14.9167,-23.5167
Cabo Verde,CPV,2017,1771,14.9167,-23.5167
Cabo Verde,CPV,2018,1987,14.9167,-23.5167
Cambodia,KHM,2009,10402,11.55,104.9166
Cambodia,KHM,2010,11242,11.55,104.9166
Cambodia,KHM,2011,12830,11.55,104.9166
Cambodia,KHM,2012,14054,11.55,104.9166
Cambodia,KHM,2013,15228,11.55,104.9166
Cambodia,KHM,2014,16703,11.55,104.9166
Cambodia,KHM,2015,18050,11.55,104.9166
Cambodia,KHM,2016,20017,11.55,104.9166
Cambodia,KHM,2017,22177,11.55,104.9166
Cambodia,KHM,2018,24572,11.55,104.9166
Cameroon,CMR,2009,26018,3.8667,11.5167
Cameroon,CMR,2010,26144,3.8667,11.5167
Cameroon,CMR,2011,29337,3.8667,11.5167
Cameroon,CMR,2012,29104,3.8667,11.5167
Cameroon,CMR,2013,32348,3.8667,11.5167
Cameroon,CMR,2014,34943,3.8667,11.5167
Cameroon,CMR,2015,30916,3.8667,11.5167
Cameroon,CMR,2016,32622,3.8667,11.5167
Cameroon,CMR,2017,34923,3.8667,11.5167
Cameroon,CMR,2018,38502,3.8667,11.5167
Canada,CAN,2009,1371153,45.4167,-75.7
Canada,CAN,2010,1613543,45.4167,-75.7
Canada,CAN,2011,1789141,45.4167,-75.7
Canada,CAN,2012,1823967,45.4167,-75.7
Canada,CAN,2013,1842018,45.4167,-75.7
Canada,CAN,2014,1801480,45.4167,-75.7
Canada,CAN,2015,1552900,45.4167,-75.7
Canada,CAN,2016,1526706,45.4167,-75.7
Canada,CAN,2017,1646867,45.4167,-75.7
Canada,CAN,2018,1712510,45.4167,-75.7
Cayman Islands,CYM,2009,NA,19.2804,-81.33
Cayman Islands,CYM,2010,NA,19.2804,-81.33
Cayman Islands,CYM,2011,NA,19.2804,-81.33
Cayman Islands,CYM,2012,NA,19.2804,-81.33
Cayman Islands,CYM,2013,NA,19.2804,-81.33
Cayman Islands,CYM,2014,NA,19.2804,-81.33
Cayman Islands,CYM,2015,NA,19.2804,-81.33
Cayman Islands,CYM,2016,NA,19.2804,-81.33
Cayman Islands,CYM,2017,3571,19.2804,-81.33
Cayman Islands,CYM,2018,NA,19.2804,-81.33
Central African Republic,CAF,2009,2059,4.3666,18.5583
Central African Republic,CAF,2010,2141,4.3666,18.5583
Central African Republic,CAF,2011,2435,4.3666,18.5583
Central African Republic,CAF,2012,2510,4.3666,18.5583
Central African Republic,CAF,2013,1701,4.3666,18.5583
Central African Republic,CAF,2014,1905,4.3666,18.5583
Central African Republic,CAF,2015,1709,4.3666,18.5583
Central African Republic,CAF,2016,1845,4.3666,18.5583
Central African Republic,CAF,2017,2168,4.3666,18.5583
Central African Republic,CAF,2018,2380,4.3666,18.5583
Chad,TCD,2009,9253,12.1131,15.0491
Chad,TCD,2010,10658,12.1131,15.0491
Chad,TCD,2011,12156,12.1131,15.0491
Chad,TCD,2012,12368,12.1131,15.0491
Chad,TCD,2013,12950,12.1131,15.0491
Chad,TCD,2014,13922,12.1131,15.0491
Chad,TCD,2015,10946,12.1131,15.0491
Chad,TCD,2016,10091,12.1131,15.0491
Chad,TCD,2017,9976,12.1131,15.0491
Chad,TCD,2018,11303,12.1131,15.0491
Chile,CHL,2009,172389,-33.45,-70.667
Chile,CHL,2010,218538,-33.45,-70.667
Chile,CHL,2011,252252,-33.45,-70.667
Chile,CHL,2012,267122,-33.45,-70.667
Chile,CHL,2013,278384,-33.45,-70.667
Chile,CHL,2014,260542,-33.45,-70.667
Chile,CHL,2015,243919,-33.45,-70.667
Chile,CHL,2016,250340,-33.45,-70.667
Chile,CHL,2017,277746,-33.45,-70.667
Chile,CHL,2018,298231,-33.45,-70.667
China,CHN,2009,5101702,39.9289,116.3883
China,CHN,2010,6087165,39.9289,116.3883
China,CHN,2011,7551500,39.9289,116.3883
China,CHN,2012,8532231,39.9289,116.3883
China,CHN,2013,9570406,39.9289,116.3883
China,CHN,2014,10438529,39.9289,116.3883
China,CHN,2015,11015542,39.9289,116.3883
China,CHN,2016,11137946,39.9289,116.3883
China,CHN,2017,12143491,39.9289,116.3883
China,CHN,2018,13608152,39.9289,116.3883
Colombia,COL,2009,232494,4.5964,-74.0833
Colombia,COL,2010,286104,4.5964,-74.0833
Colombia,COL,2011,334454,4.5964,-74.0833
Colombia,COL,2012,370574,4.5964,-74.0833
Colombia,COL,2013,381867,4.5964,-74.0833
Colombia,COL,2014,381112,4.5964,-74.0833
Colombia,COL,2015,293482,4.5964,-74.0833
Colombia,COL,2016,282825,4.5964,-74.0833
Colombia,COL,2017,311790,4.5964,-74.0833
Colombia,COL,2018,330228,4.5964,-74.0833
Comoros,COM,2009,902,-11.7042,43.2402
Comoros,COM,2010,907,-11.7042,43.2402
Comoros,COM,2011,1022,-11.7042,43.2402
Comoros,COM,2012,1016,-11.7042,43.2402
Comoros,COM,2013,1116,-11.7042,43.2402
Comoros,COM,2014,1148,-11.7042,43.2402
Comoros,COM,2015,988,-11.7042,43.2402
Comoros,COM,2016,1024,-11.7042,43.2402
Comoros,COM,2017,1068,-11.7042,43.2402
Comoros,COM,2018,1203,-11.7042,43.2402
"Congo, Dem. Rep.",COD,2009,18648,-4.2592,15.2847
"Congo, Dem. Rep.",COD,2010,21566,-4.2592,15.2847
"Congo, Dem. Rep.",COD,2011,25840,-4.2592,15.2847
"Congo, Dem. Rep.",COD,2012,29306,-4.2592,15.2847
"Congo, Dem. Rep.",COD,2013,32680,-4.2592,15.2847
"Congo, Dem. Rep.",COD,2014,35909,-4.2592,15.2847
"Congo, Dem. Rep.",COD,2015,37918,-4.2592,15.2847
"Congo, Dem. Rep.",COD,2016,37135,-4.2592,15.2847
"Congo, Dem. Rep.",COD,2017,38019,-4.2592,15.2847
"Congo, Dem. Rep.",COD,2018,47228,-4.2592,15.2847
"Congo, Rep.",COG,2009,9594,0.04,18.26
"Congo, Rep.",COG,2010,12008,0.04,18.26
"Congo, Rep.",COG,2011,14426,0.04,18.26
"Congo, Rep.",COG,2012,13678,0.04,18.26
"Congo, Rep.",COG,2013,14086,0.04,18.26
"Congo, Rep.",COG,2014,14177,0.04,18.26
"Congo, Rep.",COG,2015,8553,0.04,18.26
"Congo, Rep.",COG,2016,9036,0.04,18.26
"Congo, Rep.",COG,2017,8701,0.04,18.26
"Congo, Rep.",COG,2018,11264,0.04,18.26
Costa Rica,CRI,2009,30562,9.935,-84.0841
Costa Rica,CRI,2010,37269,9.935,-84.0841
Costa Rica,CRI,2011,42263,9.935,-84.0841
Costa Rica,CRI,2012,46473,9.935,-84.0841
Costa Rica,CRI,2013,49745,9.935,-84.0841
Costa Rica,CRI,2014,50578,9.935,-84.0841
Costa Rica,CRI,2015,54776,9.935,-84.0841
Costa Rica,CRI,2016,57158,9.935,-84.0841
Costa Rica,CRI,2017,58175,9.935,-84.0841
Costa Rica,CRI,2018,60126,9.935,-84.0841
Croatia,HRV,2009,62779,45.8,16
Croatia,HRV,2010,59866,45.8,16
Croatia,HRV,2011,62399,45.8,16
Croatia,HRV,2012,56548,45.8,16
Croatia,HRV,2013,58158,45.8,16
Croatia,HRV,2014,57682,45.8,16
Croatia,HRV,2015,49519,45.8,16
Croatia,HRV,2016,51623,45.8,16
Croatia,HRV,2017,55201,45.8,16
Croatia,HRV,2018,60806,45.8,16
Cuba,CUB,2009,62080,23.132,-82.3642
Cuba,CUB,2010,64328,23.132,-82.3642
Cuba,CUB,2011,68990,23.132,-82.3642
Cuba,CUB,2012,73141,23.132,-82.3642
Cuba,CUB,2013,77148,23.132,-82.3642
Cuba,CUB,2014,80656,23.132,-82.3642
Cuba,CUB,2015,87133,23.132,-82.3642
Cuba,CUB,2016,91370,23.132,-82.3642
Cuba,CUB,2017,96851,23.132,-82.3642
Cuba,CUB,2018,NA,23.132,-82.3642
Curacao,CUW,2009,NA,12.2004,-69.02
Curacao,CUW,2010,NA,12.2004,-69.02
Curacao,CUW,2011,3039,12.2004,-69.02
Curacao,CUW,2012,3131,12.2004,-69.02
Curacao,CUW,2013,3148,12.2004,-69.02
Curacao,CUW,2014,3158,12.2004,-69.02
Curacao,CUW,2015,3152,12.2004,-69.02
Curacao,CUW,2016,3122,12.2004,-69.02
Curacao,CUW,2017,3117,12.2004,-69.02
Curacao,CUW,2018,NA,12.2004,-69.02
Cyprus,CYP,2009,25943,35.1667,33.3666
Cyprus,CYP,2010,25562,35.1667,33.3666
Cyprus,CYP,2011,27427,35.1667,33.3666
Cyprus,CYP,2012,25041,35.1667,33.3666
Cyprus,CYP,2013,24085,35.1667,33.3666
Cyprus,CYP,2014,23365,35.1667,33.3666
Cyprus,CYP,2015,19681,35.1667,33.3666
Cyprus,CYP,2016,20454,35.1667,33.3666
Cyprus,CYP,2017,22142,35.1667,33.3666
Cyprus,CYP,2018,24470,35.1667,33.3666
Czech Republic,CZE,2009,206180,50.663,14.081
Czech Republic,CZE,2010,207478,50.663,14.081
Czech Republic,CZE,2011,227948,50.663,14.081
Czech Republic,CZE,2012,207376,50.663,14.081
Czech Republic,CZE,2013,209402,50.663,14.081
Czech Republic,CZE,2014,207818,50.663,14.081
Czech Republic,CZE,2015,186830,50.663,14.081
Czech Republic,CZE,2016,195090,50.663,14.081
Czech Republic,CZE,2017,215914,50.663,14.081
Czech Republic,CZE,2018,245226,50.663,14.081
Denmark,DNK,2009,321241,55.6786,12.5635
Denmark,DNK,2010,321995,55.6786,12.5635
Denmark,DNK,2011,344003,55.6786,12.5635
Denmark,DNK,2012,327149,55.6786,12.5635
Denmark,DNK,2013,343584,55.6786,12.5635
Denmark,DNK,2014,352994,55.6786,12.5635
Denmark,DNK,2015,302673,55.6786,12.5635
Denmark,DNK,2016,311988,55.6786,12.5635
Denmark,DNK,2017,329866,55.6786,12.5635
Denmark,DNK,2018,352058,55.6786,12.5635
Djibouti,DJI,2009,1049,11.595,43.148
Djibouti,DJI,2010,1129,11.595,43.148
Djibouti,DJI,2011,1239,11.595,43.148
Djibouti,DJI,2012,1354,11.595,43.148
Djibouti,DJI,2013,1325,11.595,43.148
Djibouti,DJI,2014,1455,11.595,43.148
Djibouti,DJI,2015,1634,11.595,43.148
Djibouti,DJI,2016,1764,11.595,43.148
Djibouti,DJI,2017,1845,11.595,43.148
Djibouti,DJI,2018,1966,11.595,43.148
Dominica,DMA,2009,489,15.301,-61.387
Dominica,DMA,2010,494,15.301,-61.387
Dominica,DMA,2011,501,15.301,-61.387
Dominica,DMA,2012,486,15.301,-61.387
Dominica,DMA,2013,502,15.301,-61.387
Dominica,DMA,2014,524,15.301,-61.387
Dominica,DMA,2015,541,15.301,-61.387
Dominica,DMA,2016,575,15.301,-61.387
Dominica,DMA,2017,497,15.301,-61.387
Dominica,DMA,2018,504,15.301,-61.387
Dominican Republic,DOM,2009,48377,18.4701,-69.9001
Dominican Republic,DOM,2010,53983,18.4701,-69.9001
Dominican Republic,DOM,2011,57811,18.4701,-69.9001
Dominican Republic,DOM,2012,60658,18.4701,-69.9001
Dominican Republic,DOM,2013,62662,18.4701,-69.9001
Dominican Republic,DOM,2014,66065,18.4701,-69.9001
Dominican Republic,DOM,2015,68802,18.4701,-69.9001
Dominican Republic,DOM,2016,72343,18.4701,-69.9001
Dominican Republic,DOM,2017,75932,18.4701,-69.9001
Dominican Republic,DOM,2018,81299,18.4701,-69.9001
Ecuador,ECU,2009,62520,-0.215,-78.5001
Ecuador,ECU,2010,69555,-0.215,-78.5001
Ecuador,ECU,2011,79277,-0.215,-78.5001
Ecuador,ECU,2012,87925,-0.215,-78.5001
Ecuador,ECU,2013,95130,-0.215,-78.5001
Ecuador,ECU,2014,101726,-0.215,-78.5001
Ecuador,ECU,2015,99290,-0.215,-78.5001
Ecuador,ECU,2016,99938,-0.215,-78.5001
Ecuador,ECU,2017,104296,-0.215,-78.5001
Ecuador,ECU,2018,108398,-0.215,-78.5001
"Egypt, Arab Rep.",EGY,2009,188982,30.05,31.25
"Egypt, Arab Rep.",EGY,2010,218888,30.05,31.25
"Egypt, Arab Rep.",EGY,2011,236002,30.05,31.25
"Egypt, Arab Rep.",EGY,2012,279373,30.05,31.25
"Egypt, Arab Rep.",EGY,2013,288586,30.05,31.25
"Egypt, Arab Rep.",EGY,2014,305530,30.05,31.25
"Egypt, Arab Rep.",EGY,2015,332698,30.05,31.25
"Egypt, Arab Rep.",EGY,2016,332928,30.05,31.25
"Egypt, Arab Rep.",EGY,2017,235369,30.05,31.25
"Egypt, Arab Rep.",EGY,2018,250895,30.05,31.25
El Salvador,SLV,2009,17602,13.71,-89.203
El Salvador,SLV,2010,18448,13.71,-89.203
El Salvador,SLV,2011,20284,13.71,-89.203
El Salvador,SLV,2012,21386,13.71,-89.203
El Salvador,SLV,2013,21991,13.71,-89.203
El Salvador,SLV,2014,22593,13.71,-89.203
El Salvador,SLV,2015,23438,13.71,-89.203
El Salvador,SLV,2016,24154,13.71,-89.203
El Salvador,SLV,2017,24928,13.71,-89.203
El Salvador,SLV,2018,26057,13.71,-89.203
Equatorial Guinea,GNQ,2009,15028,3.75,8.7833
Equatorial Guinea,GNQ,2010,16299,3.75,8.7833
Equatorial Guinea,GNQ,2011,21329,3.75,8.7833
Equatorial Guinea,GNQ,2012,22390,3.75,8.7833
Equatorial Guinea,GNQ,2013,21943,3.75,8.7833
Equatorial Guinea,GNQ,2014,21737,3.75,8.7833
Equatorial Guinea,GNQ,2015,13180,3.75,8.7833
Equatorial Guinea,GNQ,2016,11233,3.75,8.7833
Equatorial Guinea,GNQ,2017,12290,3.75,8.7833
Equatorial Guinea,GNQ,2018,13317,3.75,8.7833
Eritrea,ERI,2009,1857,15.3333,38.9333
Eritrea,ERI,2010,2117,15.3333,38.9333
Eritrea,ERI,2011,2608,15.3333,38.9333
Eritrea,ERI,2012,NA,15.3333,38.9333
Eritrea,ERI,2013,NA,15.3333,38.9333
Eritrea,ERI,2014,NA,15.3333,38.9333
Eritrea,ERI,2015,NA,15.3333,38.9333
Eritrea,ERI,2016,NA,15.3333,38.9333
Eritrea,ERI,2017,NA,15.3333,38.9333
Eritrea,ERI,2018,NA,15.3333,38.9333
Estonia,EST,2009,19652,59.4339,24.728
Estonia,EST,2010,19491,59.4339,24.728
Estonia,EST,2011,23170,59.4339,24.728
Estonia,EST,2012,23044,59.4339,24.728
Estonia,EST,2013,25137,59.4339,24.728
Estonia,EST,2014,26616,59.4339,24.728
Estonia,EST,2015,22904,59.4339,24.728
Estonia,EST,2016,23984,59.4339,24.728
Estonia,EST,2017,26612,59.4339,24.728
Estonia,EST,2018,30285,59.4339,24.728
Ethiopia,ETH,2009,32437,9.0333,38.7
Ethiopia,ETH,2010,29934,9.0333,38.7
Ethiopia,ETH,2011,31953,9.0333,38.7
Ethiopia,ETH,2012,43311,9.0333,38.7
Ethiopia,ETH,2013,47648,9.0333,38.7
Ethiopia,ETH,2014,55612,9.0333,38.7
Ethiopia,ETH,2015,64465,9.0333,38.7
Ethiopia,ETH,2016,74271,9.0333,38.7
Ethiopia,ETH,2017,81716,9.0333,38.7
Ethiopia,ETH,2018,84355,9.0333,38.7
Faroe Islands,FRO,2009,2268,62.03,-6.82
Faroe Islands,FRO,2010,2320,62.03,-6.82
Faroe Islands,FRO,2011,2491,62.03,-6.82
Faroe Islands,FRO,2012,2366,62.03,-6.82
Faroe Islands,FRO,2013,2627,62.03,-6.82
Faroe Islands,FRO,2014,2851,62.03,-6.82
Faroe Islands,FRO,2015,2518,62.03,-6.82
Faroe Islands,FRO,2016,2689,62.03,-6.82
Faroe Islands,FRO,2017,NA,62.03,-6.82
Faroe Islands,FRO,2018,NA,62.03,-6.82
Fiji,FJI,2009,2871,-18.133,178.4417
Fiji,FJI,2010,3141,-18.133,178.4417
Fiji,FJI,2011,3775,-18.133,178.4417
Fiji,FJI,2012,3972,-18.133,178.4417
Fiji,FJI,2013,4190,-18.133,178.4417
Fiji,FJI,2014,4857,-18.133,178.4417
Fiji,FJI,2015,4683,-18.133,178.4417
Fiji,FJI,2016,4927,-18.133,178.4417
Fiji,FJI,2017,5270,-18.133,178.4417
Fiji,FJI,2018,5480,-18.133,178.4417
Finland,FIN,2009,251499,60.1756,24.9341
Finland,FIN,2010,247800,60.1756,24.9341
Finland,FIN,2011,273674,60.1756,24.9341
Finland,FIN,2012,256706,60.1756,24.9341
Finland,FIN,2013,269980,60.1756,24.9341
Finland,FIN,2014,272609,60.1756,24.9341
Finland,FIN,2015,232851,60.1756,24.9341
Finland,FIN,2016,239010,60.1756,24.9341
Finland,FIN,2017,252331,60.1756,24.9341
Finland,FIN,2018,273961,60.1756,24.9341
France,FRA,2009,2690222,48.8667,2.3333
France,FRA,2010,2642610,48.8667,2.3333
France,FRA,2011,2861408,48.8667,2.3333
France,FRA,2012,2683825,48.8667,2.3333
France,FRA,2013,2811078,48.8667,2.3333
France,FRA,2014,2852166,48.8667,2.3333
France,FRA,2015,2438208,48.8667,2.3333
France,FRA,2016,2471286,48.8667,2.3333
France,FRA,2017,2586285,48.8667,2.3333
France,FRA,2018,2777535,48.8667,2.3333
French Polynesia,PYF,2009,NA,-17.5334,-149.5667
French Polynesia,PYF,2010,NA,-17.5334,-149.5667
French Polynesia,PYF,2011,NA,-17.5334,-149.5667
French Polynesia,PYF,2012,NA,-17.5334,-149.5667
French Polynesia,PYF,2013,NA,-17.5334,-149.5667
French Polynesia,PYF,2014,NA,-17.5334,-149.5667
French Polynesia,PYF,2015,NA,-17.5334,-149.5667
French Polynesia,PYF,2016,NA,-17.5334,-149.5667
French Polynesia,PYF,2017,NA,-17.5334,-149.5667
French Polynesia,PYF,2018,NA,-17.5334,-149.5667
Gabon,GAB,2009,12065,0.3854,9.458
Gabon,GAB,2010,14359,0.3854,9.458
Gabon,GAB,2011,18186,0.3854,9.458
Gabon,GAB,2012,17171,0.3854,9.458
Gabon,GAB,2013,17591,0.3854,9.458
Gabon,GAB,2014,18180,0.3854,9.458
Gabon,GAB,2015,14377,0.3854,9.458
Gabon,GAB,2016,14014,0.3854,9.458
Gabon,GAB,2017,14893,0.3854,9.458
Gabon,GAB,2018,17017,0.3854,9.458
"Gambia, The",GMB,2009,901,13.4539,-16.5917
"Gambia, The",GMB,2010,952,13.4539,-16.5917
"Gambia, The",GMB,2011,898,13.4539,-16.5917
"Gambia, The",GMB,2012,910,13.4539,-16.5917
"Gambia, The",GMB,2013,1367,13.4539,-16.5917
"Gambia, The",GMB,2014,1259,13.4539,-16.5917
"Gambia, The",GMB,2015,1394,13.4539,-16.5917
"Gambia, The",GMB,2016,1442,13.4539,-16.5917
"Gambia, The",GMB,2017,1489,13.4539,-16.5917
"Gambia, The",GMB,2018,1624,13.4539,-16.5917
Georgia,GEO,2009,10767,41.725,44.7908
Georgia,GEO,2010,11639,41.725,44.7908
Georgia,GEO,2011,14435,41.725,44.7908
Georgia,GEO,2012,15846,41.725,44.7908
Georgia,GEO,2013,16140,41.725,44.7908
Georgia,GEO,2014,16509,41.725,44.7908
Georgia,GEO,2015,13994,41.725,44.7908
Georgia,GEO,2016,14378,41.725,44.7908
Georgia,GEO,2017,15081,41.725,44.7908
Georgia,GEO,2018,16210,41.725,44.7908
Germany,DEU,2009,3418005,52.5218,13.4015
Germany,DEU,2010,3417095,52.5218,13.4015
Germany,DEU,2011,3757698,52.5218,13.4015
Germany,DEU,2012,3543984,52.5218,13.4015
Germany,DEU,2013,3752514,52.5218,13.4015
Germany,DEU,2014,3898727,52.5218,13.4015
Germany,DEU,2015,3381389,52.5218,13.4015
Germany,DEU,2016,3495163,52.5218,13.4015
Germany,DEU,2017,3693204,52.5218,13.4015
Germany,DEU,2018,3996759,52.5218,13.4015
Ghana,GHA,2009,25978,5.55,-0.2167
Ghana,GHA,2010,32175,5.55,-0.2167
Ghana,GHA,2011,39566,5.55,-0.2167
Ghana,GHA,2012,41940,5.55,-0.2167
Ghana,GHA,2013,63277,5.55,-0.2167
Ghana,GHA,2014,53601,5.55,-0.2167
Ghana,GHA,2015,49182,5.55,-0.2167
Ghana,GHA,2016,55010,5.55,-0.2167
Ghana,GHA,2017,58997,5.55,-0.2167
Ghana,GHA,2018,65556,5.55,-0.2167
Gibraltar,GIB,2009,NA,36.1324,-5.3781
Gibraltar,GIB,2010,NA,36.1324,-5.3781
Gibraltar,GIB,2011,NA,36.1324,-5.3781
Gibraltar,GIB,2012,NA,36.1324,-5.3781
Gibraltar,GIB,2013,NA,36.1324,-5.3781
Gibraltar,GIB,2014,NA,36.1324,-5.3781
Gibraltar,GIB,2015,NA,36.1324,-5.3781
Gibraltar,GIB,2016,NA,36.1324,-5.3781
Gibraltar,GIB,2017,NA,36.1324,-5.3781
Gibraltar,GIB,2018,NA,36.1324,-5.3781
Greece,GRC,2009,330000,37.9833,23.7333
Greece,GRC,2010,299362,37.9833,23.7333
Greece,GRC,2011,287798,37.9833,23.7333
Greece,GRC,2012,245671,37.9833,23.7333
Greece,GRC,2013,239862,37.9833,23.7333
Greece,GRC,2014,237030,37.9833,23.7333
Greece,GRC,2015,196591,37.9833,23.7333
Greece,GRC,2016,195222,37.9833,23.7333
Greece,GRC,2017,203086,37.9833,23.7333
Greece,GRC,2018,218032,37.9833,23.7333
Greenland,GRL,2009,2530,64.1983,-51.7327
Greenland,GRL,2010,2503,64.1983,-51.7327
Greenland,GRL,2011,2684,64.1983,-51.7327
Greenland,GRL,2012,2610,64.1983,-51.7327
Greenland,GRL,2013,2685,64.1983,-51.7327
Greenland,GRL,2014,2842,64.1983,-51.7327
Greenland,GRL,2015,2499,64.1983,-51.7327
Greenland,GRL,2016,2714,64.1983,-51.7327
Greenland,GRL,2017,NA,64.1983,-51.7327
Greenland,GRL,2018,NA,64.1983,-51.7327
Grenada,GRD,2009,771,12.0526,-61.7416
Grenada,GRD,2010,771,12.0526,-61.7416
Grenada,GRD,2011,779,12.0526,-61.7416
Grenada,GRD,2012,800,12.0526,-61.7416
Grenada,GRD,2013,843,12.0526,-61.7416
Grenada,GRD,2014,911,12.0526,-61.7416
Grenada,GRD,2015,997,12.0526,-61.7416
Grenada,GRD,2016,1062,12.0526,-61.7416
Grenada,GRD,2017,1127,12.0526,-61.7416
Grenada,GRD,2018,1207,12.0526,-61.7416
Guam,GUM,2009,4781,13.4745,144.7504
Guam,GUM,2010,4895,13.4745,144.7504
Guam,GUM,2011,4928,13.4745,144.7504
Guam,GUM,2012,5199,13.4745,144.7504
Guam,GUM,2013,5336,13.4745,144.7504
Guam,GUM,2014,5538,13.4745,144.7504
Guam,GUM,2015,5710,13.4745,144.7504
Guam,GUM,2016,5793,13.4745,144.7504
Guam,GUM,2017,5859,13.4745,144.7504
Guam,GUM,2018,NA,13.4745,144.7504
Guatemala,GTM,2009,37734,14.6211,-90.527
Guatemala,GTM,2010,41339,14.6211,-90.527
Guatemala,GTM,2011,47655,14.6211,-90.527
Guatemala,GTM,2012,50388,14.6211,-90.527
Guatemala,GTM,2013,53851,14.6211,-90.527
Guatemala,GTM,2014,58722,14.6211,-90.527
Guatemala,GTM,2015,63768,14.6211,-90.527
Guatemala,GTM,2016,68664,14.6211,-90.527
Guatemala,GTM,2017,75620,14.6211,-90.527
Guatemala,GTM,2018,78460,14.6211,-90.527
Guinea,GIN,2009,6717,9.5315,-13.6802
Guinea,GIN,2010,6853,9.5315,-13.6802
Guinea,GIN,2011,6785,9.5315,-13.6802
Guinea,GIN,2012,7638,9.5315,-13.6802
Guinea,GIN,2013,8377,9.5315,-13.6802
Guinea,GIN,2014,8778,9.5315,-13.6802
Guinea,GIN,2015,8794,9.5315,-13.6802
Guinea,GIN,2016,8605,9.5315,-13.6802
Guinea,GIN,2017,9915,9.5315,-13.6802
Guinea,GIN,2018,10990,9.5315,-13.6802
Guinea-Bissau,GNB,2009,827,11.865,-15.5984
Guinea-Bissau,GNB,2010,849,11.865,-15.5984
Guinea-Bissau,GNB,2011,1098,11.865,-15.5984
Guinea-Bissau,GNB,2012,989,11.865,-15.5984
Guinea-Bissau,GNB,2013,1046,11.865,-15.5984
Guinea-Bissau,GNB,2014,1054,11.865,-15.5984
Guinea-Bissau,GNB,2015,1048,11.865,-15.5984
Guinea-Bissau,GNB,2016,1178,11.865,-15.5984
Guinea-Bissau,GNB,2017,1347,11.865,-15.5984
Guinea-Bissau,GNB,2018,1458,11.865,-15.5984
Guyana,GUY,2009,2061,6.802,-58.167
Guyana,GUY,2010,2273,6.802,-58.167
Guyana,GUY,2011,2576,6.802,-58.167
Guyana,GUY,2012,2862,6.802,-58.167
Guyana,GUY,2013,2988,6.802,-58.167
Guyana,GUY,2014,3078,6.802,-58.167
Guyana,GUY,2015,3197,6.802,-58.167
Guyana,GUY,2016,3504,6.802,-58.167
Guyana,GUY,2017,3555,6.802,-58.167
Guyana,GUY,2018,3610,6.802,-58.167
Haiti,HTI,2009,6585,18.541,-72.336
Haiti,HTI,2010,6623,18.541,-72.336
Haiti,HTI,2011,7517,18.541,-72.336
Haiti,HTI,2012,7890,18.541,-72.336
Haiti,HTI,2013,8453,18.541,-72.336
Haiti,HTI,2014,8776,18.541,-72.336
Haiti,HTI,2015,8725,18.541,-72.336
Haiti,HTI,2016,7976,18.541,-72.336
Haiti,HTI,2017,8408,18.541,-72.336
Haiti,HTI,2018,9658,18.541,-72.336
Honduras,HND,2009,14486,14.102,-87.2175
Honduras,HND,2010,15730,14.102,-87.2175
Honduras,HND,2011,17588,14.102,-87.2175
Honduras,HND,2012,18401,14.102,-87.2175
Honduras,HND,2013,18372,14.102,-87.2175
Honduras,HND,2014,19619,14.102,-87.2175
Honduras,HND,2015,20834,14.102,-87.2175
Honduras,HND,2016,21567,14.102,-87.2175
Honduras,HND,2017,22940,14.102,-87.2175
Honduras,HND,2018,23803,14.102,-87.2175
"Hong Kong SAR, China",HKG,2009,214046,22.305,114.185
"Hong Kong SAR, China",HKG,2010,228638,22.305,114.185
"Hong Kong SAR, China",HKG,2011,248514,22.305,114.185
"Hong Kong SAR, China",HKG,2012,262629,22.305,114.185
"Hong Kong SAR, China",HKG,2013,275697,22.305,114.185
"Hong Kong SAR, China",HKG,2014,291459,22.305,114.185
"Hong Kong SAR, China",HKG,2015,309384,22.305,114.185
"Hong Kong SAR, China",HKG,2016,320861,22.305,114.185
"Hong Kong SAR, China",HKG,2017,341648,22.305,114.185
"Hong Kong SAR, China",HKG,2018,362993,22.305,114.185
Hungary,HUN,2009,130594,47.5,19.0833
Hungary,HUN,2010,130923,47.5,19.0833
Hungary,HUN,2011,140782,47.5,19.0833
Hungary,HUN,2012,127857,47.5,19.0833
Hungary,HUN,2013,135221,47.5,19.0833
Hungary,HUN,2014,140083,47.5,19.0833
Hungary,HUN,2015,123074,47.5,19.0833
Hungary,HUN,2016,126008,47.5,19.0833
Hungary,HUN,2017,139761,47.5,19.0833
Hungary,HUN,2018,155703,47.5,19.0833
Iceland,ISL,2009,13165,64.15,-21.95
Iceland,ISL,2010,13684,64.15,-21.95
Iceland,ISL,2011,15159,64.15,-21.95
Iceland,ISL,2012,14724,64.15,-21.95
Iceland,ISL,2013,16034,64.15,-21.95
Iceland,ISL,2014,17758,64.15,-21.95
Iceland,ISL,2015,17344,64.15,-21.95
Iceland,ISL,2016,20716,64.15,-21.95
Iceland,ISL,2017,24489,64.15,-21.95
Iceland,ISL,2018,25882,64.15,-21.95
India,IND,2009,1341887,28.6,77.2
India,IND,2010,1675615,28.6,77.2
India,IND,2011,1823050,28.6,77.2
India,IND,2012,1827638,28.6,77.2
India,IND,2013,1856722,28.6,77.2
India,IND,2014,2039127,28.6,77.2
India,IND,2015,2103588,28.6,77.2
India,IND,2016,2290432,28.6,77.2
India,IND,2017,2652551,28.6,77.2
India,IND,2018,2726323,28.6,77.2
Indonesia,IDN,2009,539580,-6.1744,106.8294
Indonesia,IDN,2010,755094,-6.1744,106.8294
Indonesia,IDN,2011,892969,-6.1744,106.8294
Indonesia,IDN,2012,917870,-6.1744,106.8294
Indonesia,IDN,2013,912524,-6.1744,106.8294
Indonesia,IDN,2014,890815,-6.1744,106.8294
Indonesia,IDN,2015,860854,-6.1744,106.8294
Indonesia,IDN,2016,931877,-6.1744,106.8294
Indonesia,IDN,2017,1015423,-6.1744,106.8294
Indonesia,IDN,2018,1042173,-6.1744,106.8294
"Iran, Islamic Rep.",IRN,2009,414059,35.6719,51.4243
"Iran, Islamic Rep.",IRN,2010,487070,35.6719,51.4243
"Iran, Islamic Rep.",IRN,2011,583500,35.6719,51.4243
"Iran, Islamic Rep.",IRN,2012,598853,35.6719,51.4243
"Iran, Islamic Rep.",IRN,2013,467415,35.6719,51.4243
"Iran, Islamic Rep.",IRN,2014,434475,35.6719,51.4243
"Iran, Islamic Rep.",IRN,2015,385874,35.6719,51.4243
"Iran, Islamic Rep.",IRN,2016,418977,35.6719,51.4243
"Iran, Islamic Rep.",IRN,2017,454013,35.6719,51.4243
"Iran, Islamic Rep.",IRN,2018,NA,35.6719,51.4243
Iraq,IRQ,2009,111661,33.3386,44.3939
Iraq,IRQ,2010,138517,33.3386,44.3939
Iraq,IRQ,2011,185750,33.3386,44.3939
Iraq,IRQ,2012,218001,33.3386,44.3939
Iraq,IRQ,2013,234648,33.3386,44.3939
Iraq,IRQ,2014,234648,33.3386,44.3939
Iraq,IRQ,2015,177499,33.3386,44.3939
Iraq,IRQ,2016,170220,33.3386,44.3939
Iraq,IRQ,2017,193159,33.3386,44.3939
Iraq,IRQ,2018,225914,33.3386,44.3939
Ireland,IRL,2009,236316,53.3331,-6.2489
Ireland,IRL,2010,222149,53.3331,-6.2489
Ireland,IRL,2011,237472,53.3331,-6.2489
Ireland,IRL,2012,224999,53.3331,-6.2489
Ireland,IRL,2013,238544,53.3331,-6.2489
Ireland,IRL,2014,258472,53.3331,-6.2489
Ireland,IRL,2015,291500,53.3331,-6.2489
Ireland,IRL,2016,300523,53.3331,-6.2489
Ireland,IRL,2017,334834,53.3331,-6.2489
Ireland,IRL,2018,382487,53.3331,-6.2489
Isle of Man,IMN,2009,5487,54.1504,-4.48
Isle of Man,IMN,2010,5920,54.1504,-4.48
Isle of Man,IMN,2011,6566,54.1504,-4.48
Isle of Man,IMN,2012,6433,54.1504,-4.48
Isle of Man,IMN,2013,6754,54.1504,-4.48
Isle of Man,IMN,2014,7428,54.1504,-4.48
Isle of Man,IMN,2015,6792,54.1504,-4.48
Isle of Man,IMN,2016,6593,54.1504,-4.48
Isle of Man,IMN,2017,NA,54.1504,-4.48
Isle of Man,IMN,2018,NA,54.1504,-4.48
Israel,ISR,2009,207452,31.7784,35.2066
Israel,ISR,2010,233733,31.7784,35.2066
Israel,ISR,2011,261717,31.7784,35.2066
Israel,ISR,2012,257435,31.7784,35.2066
Israel,ISR,2013,292917,31.7784,35.2066
Israel,ISR,2014,310008,31.7784,35.2066
Israel,ISR,2015,300471,31.7784,35.2066
Israel,ISR,2016,319378,31.7784,35.2066
Israel,ISR,2017,353268,31.7784,35.2066
Israel,ISR,2018,369690,31.7784,35.2066
Italy,ITA,2009,2185160,41.896,12.4833
Italy,ITA,2010,2125058,41.896,12.4833
Italy,ITA,2011,2276292,41.896,12.4833
Italy,ITA,2012,2072823,41.896,12.4833
Italy,ITA,2013,2130491,41.896,12.4833
Italy,ITA,2014,2151733,41.896,12.4833
Italy,ITA,2015,1832273,41.896,12.4833
Italy,ITA,2016,1869202,41.896,12.4833
Italy,ITA,2017,1946570,41.896,12.4833
Italy,ITA,2018,2073902,41.896,12.4833
Jamaica,JAM,2009,12067,17.9771,-76.7674
Jamaica,JAM,2010,13200,17.9771,-76.7674
Jamaica,JAM,2011,14413,17.9771,-76.7674
Jamaica,JAM,2012,14799,17.9771,-76.7674
Jamaica,JAM,2013,14193,17.9771,-76.7674
Jamaica,JAM,2014,13852,17.9771,-76.7674
Jamaica,JAM,2015,14145,17.9771,-76.7674
Jamaica,JAM,2016,14072,17.9771,-76.7674
Jamaica,JAM,2017,14781,17.9771,-76.7674
Jamaica,JAM,2018,15718,17.9771,-76.7674
Japan,JPN,2009,5231383,35.685,139.7514
Japan,JPN,2010,5700098,35.685,139.7514
Japan,JPN,2011,6157460,35.685,139.7514
Japan,JPN,2012,6203213,35.685,139.7514
Japan,JPN,2013,5155717,35.685,139.7514
Japan,JPN,2014,4850414,35.685,139.7514
Japan,JPN,2015,4389476,35.685,139.7514
Japan,JPN,2016,4926667,35.685,139.7514
Japan,JPN,2017,4859951,35.685,139.7514
Japan,JPN,2018,4970916,35.685,139.7514
Jordan,JOR,2009,23975,31.95,35.9333
Jordan,JOR,2010,26551,31.95,35.9333
Jordan,JOR,2011,28932,31.95,35.9333
Jordan,JOR,2012,30966,31.95,35.9333
Jordan,JOR,2013,33676,31.95,35.9333
Jordan,JOR,2014,36104,31.95,35.9333
Jordan,JOR,2015,37969,31.95,35.9333
Jordan,JOR,2016,39252,31.95,35.9333
Jordan,JOR,2017,40766,31.95,35.9333
Jordan,JOR,2018,42291,31.95,35.9333
Kazakhstan,KAZ,2009,115309,51.1811,71.4278
Kazakhstan,KAZ,2010,148047,51.1811,71.4278
Kazakhstan,KAZ,2011,192627,51.1811,71.4278
Kazakhstan,KAZ,2012,207999,51.1811,71.4278
Kazakhstan,KAZ,2013,236635,51.1811,71.4278
Kazakhstan,KAZ,2014,221416,51.1811,71.4278
Kazakhstan,KAZ,2015,184388,51.1811,71.4278
Kazakhstan,KAZ,2016,137278,51.1811,71.4278
Kazakhstan,KAZ,2017,162887,51.1811,71.4278
Kazakhstan,KAZ,2018,170539,51.1811,71.4278
Kenya,KEN,2009,37022,-1.2833,36.8167
Kenya,KEN,2010,40000,-1.2833,36.8167
Kenya,KEN,2011,41953,-1.2833,36.8167
Kenya,KEN,2012,50413,-1.2833,36.8167
Kenya,KEN,2013,55097,-1.2833,36.8167
Kenya,KEN,2014,61448,-1.2833,36.8167
Kenya,KEN,2015,64008,-1.2833,36.8167
Kenya,KEN,2016,69189,-1.2833,36.8167
Kenya,KEN,2017,78757,-1.2833,36.8167
Kenya,KEN,2018,87908,-1.2833,36.8167
Kiribati,KIR,2009,132,1.3382,173.0176
Kiribati,KIR,2010,156,1.3382,173.0176
Kiribati,KIR,2011,182,1.3382,173.0176
Kiribati,KIR,2012,190,1.3382,173.0176
Kiribati,KIR,2013,185,1.3382,173.0176
Kiribati,KIR,2014,180,1.3382,173.0176
Kiribati,KIR,2015,171,1.3382,173.0176
Kiribati,KIR,2016,178,1.3382,173.0176
Kiribati,KIR,2017,186,1.3382,173.0176
Kiribati,KIR,2018,188,1.3382,173.0176
Kosovo,XKX,2009,5654,42.6666,21.1724
Kosovo,XKX,2010,5830,42.6666,21.1724
Kosovo,XKX,2011,6692,42.6666,21.1724
Kosovo,XKX,2012,6500,42.6666,21.1724
Kosovo,XKX,2013,7072,42.6666,21.1724
Kosovo,XKX,2014,7387,42.6666,21.1724
Kosovo,XKX,2015,6441,42.6666,21.1724
Kosovo,XKX,2016,6715,42.6666,21.1724
Kosovo,XKX,2017,7228,42.6666,21.1724
Kosovo,XKX,2018,7900,42.6666,21.1724
Kuwait,KWT,2009,105900,29.3697,47.9783
Kuwait,KWT,2010,115419,29.3697,47.9783
Kuwait,KWT,2011,154028,29.3697,47.9783
Kuwait,KWT,2012,174070,29.3697,47.9783
Kuwait,KWT,2013,174161,29.3697,47.9783
Kuwait,KWT,2014,162631,29.3697,47.9783
Kuwait,KWT,2015,114567,29.3697,47.9783
Kuwait,KWT,2016,109420,29.3697,47.9783
Kuwait,KWT,2017,119552,29.3697,47.9783
Kuwait,KWT,2018,141678,29.3697,47.9783
Kyrgyz Republic,KGZ,2009,4690,42.8731,74.5852
Kyrgyz Republic,KGZ,2010,4794,42.8731,74.5852
Kyrgyz Republic,KGZ,2011,6198,42.8731,74.5852
Kyrgyz Republic,KGZ,2012,6605,42.8731,74.5852
Kyrgyz Republic,KGZ,2013,7335,42.8731,74.5852
Kyrgyz Republic,KGZ,2014,7468,42.8731,74.5852
Kyrgyz Republic,KGZ,2015,6678,42.8731,74.5852
Kyrgyz Republic,KGZ,2016,6813,42.8731,74.5852
Kyrgyz Republic,KGZ,2017,7703,42.8731,74.5852
Kyrgyz Republic,KGZ,2018,8093,42.8731,74.5852
Lao PDR,LAO,2009,5833,17.9667,102.6
Lao PDR,LAO,2010,7128,17.9667,102.6
Lao PDR,LAO,2011,8749,17.9667,102.6
Lao PDR,LAO,2012,10191,17.9667,102.6
Lao PDR,LAO,2013,11942,17.9667,102.6
Lao PDR,LAO,2014,13268,17.9667,102.6
Lao PDR,LAO,2015,14390,17.9667,102.6
Lao PDR,LAO,2016,15806,17.9667,102.6
Lao PDR,LAO,2017,16853,17.9667,102.6
Lao PDR,LAO,2018,18131,17.9667,102.6
Latvia,LVA,2009,26170,56.95,24.1
Latvia,LVA,2010,23757,56.95,24.1
Latvia,LVA,2011,28224,56.95,24.1
Latvia,LVA,2012,28120,56.95,24.1
Latvia,LVA,2013,30255,56.95,24.1
Latvia,LVA,2014,31335,56.95,24.1
Latvia,LVA,2015,26973,56.95,24.1
Latvia,LVA,2016,27695,56.95,24.1
Latvia,LVA,2017,30463,56.95,24.1
Latvia,LVA,2018,34849,56.95,24.1
Lebanon,LBN,2009,35477,33.872,35.5097
Lebanon,LBN,2010,38420,33.872,35.5097
Lebanon,LBN,2011,40076,33.872,35.5097
Lebanon,LBN,2012,44231,33.872,35.5097
Lebanon,LBN,2013,46867,33.872,35.5097
Lebanon,LBN,2014,48296,33.872,35.5097
Lebanon,LBN,2015,49974,33.872,35.5097
Lebanon,LBN,2016,51239,33.872,35.5097
Lebanon,LBN,2017,53394,33.872,35.5097
Lebanon,LBN,2018,56639,33.872,35.5097
Lesotho,LSO,2009,1773,-29.3167,27.4833
Lesotho,LSO,2010,2362,-29.3167,27.4833
Lesotho,LSO,2011,2788,-29.3167,27.4833
Lesotho,LSO,2012,2678,-29.3167,27.4833
Lesotho,LSO,2013,2526,-29.3167,27.4833
Lesotho,LSO,2014,2615,-29.3167,27.4833
Lesotho,LSO,2015,2510,-29.3167,27.4833
Lesotho,LSO,2016,2323,-29.3167,27.4833
Lesotho,LSO,2017,2578,-29.3167,27.4833
Lesotho,LSO,2018,2792,-29.3167,27.4833
Liberia,LBR,2009,1768,6.3106,-10.8048
Liberia,LBR,2010,1998,6.3106,-10.8048
Liberia,LBR,2011,2398,6.3106,-10.8048
Liberia,LBR,2012,2721,6.3106,-10.8048
Liberia,LBR,2013,3067,6.3106,-10.8048
Liberia,LBR,2014,3144,6.3106,-10.8048
Liberia,LBR,2015,3177,6.3106,-10.8048
Liberia,LBR,2016,3278,6.3106,-10.8048
Liberia,LBR,2017,3285,6.3106,-10.8048
Liberia,LBR,2018,3249,6.3106,-10.8048
Libya,LBY,2009,63028,32.8925,13.18
Libya,LBY,2010,74773,32.8925,13.18
Libya,LBY,2011,34699,32.8925,13.18
Libya,LBY,2012,81874,32.8925,13.18
Libya,LBY,2013,65503,32.8925,13.18
Libya,LBY,2014,41143,32.8925,13.18
Libya,LBY,2015,27842,32.8925,13.18
Libya,LBY,2016,26222,32.8925,13.18
Libya,LBY,2017,38116,32.8925,13.18
Libya,LBY,2018,48320,32.8925,13.18
Liechtenstein,LIE,2009,4505,47.1337,9.5167
Liechtenstein,LIE,2010,5082,47.1337,9.5167
Liechtenstein,LIE,2011,5740,47.1337,9.5167
Liechtenstein,LIE,2012,5456,47.1337,9.5167
Liechtenstein,LIE,2013,6392,47.1337,9.5167
Liechtenstein,LIE,2014,6657,47.1337,9.5167
Liechtenstein,LIE,2015,6268,47.1337,9.5167
Liechtenstein,LIE,2016,6215,47.1337,9.5167
Liechtenstein,LIE,2017,NA,47.1337,9.5167
Liechtenstein,LIE,2018,NA,47.1337,9.5167
Lithuania,LTU,2009,37441,54.6834,25.3166
Lithuania,LTU,2010,37121,54.6834,25.3166
Lithuania,LTU,2011,43477,54.6834,25.3166
Lithuania,LTU,2012,42848,54.6834,25.3166
Lithuania,LTU,2013,46417,54.6834,25.3166
Lithuania,LTU,2014,48516,54.6834,25.3166
Lithuania,LTU,2015,41517,54.6834,25.3166
Lithuania,LTU,2016,42973,54.6834,25.3166
Lithuania,LTU,2017,47544,54.6834,25.3166
Lithuania,LTU,2018,53251,54.6834,25.3166
Luxembourg,LUX,2009,51371,49.6117,6.13
Luxembourg,LUX,2010,53212,49.6117,6.13
Luxembourg,LUX,2011,60005,49.6117,6.13
Luxembourg,LUX,2012,56678,49.6117,6.13
Luxembourg,LUX,2013,61739,49.6117,6.13
Luxembourg,LUX,2014,66104,49.6117,6.13
Luxembourg,LUX,2015,57204,49.6117,6.13
Luxembourg,LUX,2016,58961,49.6117,6.13
Luxembourg,LUX,2017,62316,49.6117,6.13
Luxembourg,LUX,2018,69488,49.6117,6.13
"Macao SAR, China",MAC,2009,21476,22.203,113.545
"Macao SAR, China",MAC,2010,28124,22.203,113.545
"Macao SAR, China",MAC,2011,36710,22.203,113.545
"Macao SAR, China",MAC,2012,43032,22.203,113.545
"Macao SAR, China",MAC,2013,51552,22.203,113.545
"Macao SAR, China",MAC,2014,55348,22.203,113.545
"Macao SAR, China",MAC,2015,45362,22.203,113.545
"Macao SAR, China",MAC,2016,45322,22.203,113.545
"Macao SAR, China",MAC,2017,50559,22.203,113.545
"Macao SAR, China",MAC,2018,54545,22.203,113.545
Madagascar,MDG,2009,8550,-18.9166,47.5166
Madagascar,MDG,2010,8730,-18.9166,47.5166
Madagascar,MDG,2011,9893,-18.9166,47.5166
Madagascar,MDG,2012,9920,-18.9166,47.5166
Madagascar,MDG,2013,10602,-18.9166,47.5166
Madagascar,MDG,2014,10674,-18.9166,47.5166
Madagascar,MDG,2015,9744,-18.9166,47.5166
Madagascar,MDG,2016,9959,-18.9166,47.5166
Madagascar,MDG,2017,11466,-18.9166,47.5166
Madagascar,MDG,2018,12100,-18.9166,47.5166
Malawi,MWI,2009,6191,-13.9833,33.7833
Malawi,MWI,2010,6960,-13.9833,33.7833
Malawi,MWI,2011,8004,-13.9833,33.7833
Malawi,MWI,2012,6028,-13.9833,33.7833
Malawi,MWI,2013,5519,-13.9833,33.7833
Malawi,MWI,2014,6048,-13.9833,33.7833
Malawi,MWI,2015,6373,-13.9833,33.7833
Malawi,MWI,2016,5433,-13.9833,33.7833
Malawi,MWI,2017,6303,-13.9833,33.7833
Malawi,MWI,2018,7065,-13.9833,33.7833
Malaysia,MYS,2009,202258,3.1667,101.7
Malaysia,MYS,2010,255017,3.1667,101.7
Malaysia,MYS,2011,297952,3.1667,101.7
Malaysia,MYS,2012,314443,3.1667,101.7
Malaysia,MYS,2013,323277,3.1667,101.7
Malaysia,MYS,2014,338062,3.1667,101.7
Malaysia,MYS,2015,296636,3.1667,101.7
Malaysia,MYS,2016,296753,3.1667,101.7
Malaysia,MYS,2017,314707,3.1667,101.7
Malaysia,MYS,2018,354348,3.1667,101.7
Maldives,MDV,2009,2345,4.1667,73.4999
Maldives,MDV,2010,2588,4.1667,73.4999
Maldives,MDV,2011,2774,4.1667,73.4999
Maldives,MDV,2012,2886,4.1667,73.4999
Maldives,MDV,2013,3295,4.1667,73.4999
Maldives,MDV,2014,3697,4.1667,73.4999
Maldives,MDV,2015,4109,4.1667,73.4999
Maldives,MDV,2016,4414,4.1667,73.4999
Maldives,MDV,2017,4866,4.1667,73.4999
Maldives,MDV,2018,5272,4.1667,73.4999
Mali,MLI,2009,10181,12.65,-8
Mali,MLI,2010,10679,12.65,-8
Mali,MLI,2011,12978,12.65,-8
Mali,MLI,2012,12443,12.65,-8
Mali,MLI,2013,13246,12.65,-8
Mali,MLI,2014,14346,12.65,-8
Mali,MLI,2015,13099,12.65,-8
Mali,MLI,2016,14011,12.65,-8
Mali,MLI,2017,15340,12.65,-8
Mali,MLI,2018,17197,12.65,-8
Malta,MLT,2009,8528,35.8997,14.5147
Malta,MLT,2010,8741,35.8997,14.5147
Malta,MLT,2011,9501,35.8997,14.5147
Malta,MLT,2012,9212,35.8997,14.5147
Malta,MLT,2013,10151,35.8997,14.5147
Malta,MLT,2014,11282,35.8997,14.5147
Malta,MLT,2015,10702,35.8997,14.5147
Malta,MLT,2016,11443,35.8997,14.5147
Malta,MLT,2017,12749,35.8997,14.5147
Malta,MLT,2018,14542,35.8997,14.5147
Marshall Islands,MHL,2009,153,7.103,171.38
Marshall Islands,MHL,2010,165,7.103,171.38
Marshall Islands,MHL,2011,173,7.103,171.38
Marshall Islands,MHL,2012,185,7.103,171.38
Marshall Islands,MHL,2013,191,7.103,171.38
Marshall Islands,MHL,2014,183,7.103,171.38
Marshall Islands,MHL,2015,180,7.103,171.38
Marshall Islands,MHL,2016,194,7.103,171.38
Marshall Islands,MHL,2017,204,7.103,171.38
Marshall Islands,MHL,2018,212,7.103,171.38
Mauritania,MRT,2009,3662,18.0864,-15.9753
Mauritania,MRT,2010,4338,18.0864,-15.9753
Mauritania,MRT,2011,5166,18.0864,-15.9753
Mauritania,MRT,2012,5231,18.0864,-15.9753
Mauritania,MRT,2013,5640,18.0864,-15.9753
Mauritania,MRT,2014,5373,18.0864,-15.9753
Mauritania,MRT,2015,4833,18.0864,-15.9753
Mauritania,MRT,2016,4728,18.0864,-15.9753
Mauritania,MRT,2017,4975,18.0864,-15.9753
Mauritania,MRT,2018,5366,18.0864,-15.9753
Mauritius,MUS,2009,9129,-20.1666,57.5
Mauritius,MUS,2010,10004,-20.1666,57.5
Mauritius,MUS,2011,11518,-20.1666,57.5
Mauritius,MUS,2012,11669,-20.1666,57.5
Mauritius,MUS,2013,12130,-20.1666,57.5
Mauritius,MUS,2014,12803,-20.1666,57.5
Mauritius,MUS,2015,11692,-20.1666,57.5
Mauritius,MUS,2016,12232,-20.1666,57.5
Mauritius,MUS,2017,13259,-20.1666,57.5
Mauritius,MUS,2018,14220,-20.1666,57.5
Mexico,MEX,2009,900045,19.4424,-99.131
Mexico,MEX,2010,1057801,19.4424,-99.131
Mexico,MEX,2011,1180490,19.4424,-99.131
Mexico,MEX,2012,1201090,19.4424,-99.131
Mexico,MEX,2013,1274443,19.4424,-99.131
Mexico,MEX,2014,1314564,19.4424,-99.131
Mexico,MEX,2015,1170565,19.4424,-99.131
Mexico,MEX,2016,1077828,19.4424,-99.131
Mexico,MEX,2017,1158071,19.4424,-99.131
Mexico,MEX,2018,1223809,19.4424,-99.131
"Micronesia, Fed. Sts.",FSM,2009,280,6.9166,158.15
"Micronesia, Fed. Sts.",FSM,2010,297,6.9166,158.15
"Micronesia, Fed. Sts.",FSM,2011,311,6.9166,158.15
"Micronesia, Fed. Sts.",FSM,2012,326,6.9166,158.15
"Micronesia, Fed. Sts.",FSM,2013,316,6.9166,158.15
"Micronesia, Fed. Sts.",FSM,2014,318,6.9166,158.15
"Micronesia, Fed. Sts.",FSM,2015,315,6.9166,158.15
"Micronesia, Fed. Sts.",FSM,2016,330,6.9166,158.15
"Micronesia, Fed. Sts.",FSM,2017,336,6.9166,158.15
"Micronesia, Fed. Sts.",FSM,2018,345,6.9166,158.15
Moldova,MDA,2009,5439,47.005,28.8577
Moldova,MDA,2010,6975,47.005,28.8577
Moldova,MDA,2011,8414,47.005,28.8577
Moldova,MDA,2012,8709,47.005,28.8577
Moldova,MDA,2013,9497,47.005,28.8577
Moldova,MDA,2014,9510,47.005,28.8577
Moldova,MDA,2015,7745,47.005,28.8577
Moldova,MDA,2016,8071,47.005,28.8577
Moldova,MDA,2017,9670,47.005,28.8577
Moldova,MDA,2018,11309,47.005,28.8577
Monaco,MCO,2009,5452,43.7396,7.4069
Monaco,MCO,2010,5363,43.7396,7.4069
Monaco,MCO,2011,6080,43.7396,7.4069
Monaco,MCO,2012,5743,43.7396,7.4069
Monaco,MCO,2013,6553,43.7396,7.4069
Monaco,MCO,2014,7060,43.7396,7.4069
Monaco,MCO,2015,6258,43.7396,7.4069
Monaco,MCO,2016,6468,43.7396,7.4069
Monaco,MCO,2017,6401,43.7396,7.4069
Monaco,MCO,2018,NA,43.7396,7.4069
Mongolia,MNG,2009,4584,47.9167,106.9166
Mongolia,MNG,2010,7189,47.9167,106.9166
Mongolia,MNG,2011,10410,47.9167,106.9166
Mongolia,MNG,2012,12293,47.9167,106.9166
Mongolia,MNG,2013,12582,47.9167,106.9166
Mongolia,MNG,2014,12227,47.9167,106.9166
Mongolia,MNG,2015,11750,47.9167,106.9166
Mongolia,MNG,2016,11187,47.9167,106.9166
Mongolia,MNG,2017,11434,47.9167,106.9166
Mongolia,MNG,2018,13010,47.9167,106.9166
Montenegro,MNE,2009,4159,42.466,19.2663
Montenegro,MNE,2010,4139,42.466,19.2663
Montenegro,MNE,2011,4538,42.466,19.2663
Montenegro,MNE,2012,4088,42.466,19.2663
Montenegro,MNE,2013,4464,42.466,19.2663
Montenegro,MNE,2014,4588,42.466,19.2663
Montenegro,MNE,2015,4053,42.466,19.2663
Montenegro,MNE,2016,4374,42.466,19.2663
Montenegro,MNE,2017,4845,42.466,19.2663
Montenegro,MNE,2018,5452,42.466,19.2663
Morocco,MAR,2009,92897,34.0253,-6.8361
Morocco,MAR,2010,93217,34.0253,-6.8361
Morocco,MAR,2011,101370,34.0253,-6.8361
Morocco,MAR,2012,98266,34.0253,-6.8361
Morocco,MAR,2013,106826,34.0253,-6.8361
Morocco,MAR,2014,110081,34.0253,-6.8361
Morocco,MAR,2015,101180,34.0253,-6.8361
Morocco,MAR,2016,103345,34.0253,-6.8361
Morocco,MAR,2017,109709,34.0253,-6.8361
Morocco,MAR,2018,118495,34.0253,-6.8361
Mozambique,MOZ,2009,10912,-25.9553,32.5892
Mozambique,MOZ,2010,10154,-25.9553,32.5892
Mozambique,MOZ,2011,13131,-25.9553,32.5892
Mozambique,MOZ,2012,15265,-25.9553,32.5892
Mozambique,MOZ,2013,16019,-25.9553,32.5892
Mozambique,MOZ,2014,16961,-25.9553,32.5892
Mozambique,MOZ,2015,14798,-25.9553,32.5892
Mozambique,MOZ,2016,10897,-25.9553,32.5892
Mozambique,MOZ,2017,12652,-25.9553,32.5892
Mozambique,MOZ,2018,14458,-25.9553,32.5892
Myanmar,MMR,2009,36906,21.9162,95.956
Myanmar,MMR,2010,49541,21.9162,95.956
Myanmar,MMR,2011,59977,21.9162,95.956
Myanmar,MMR,2012,59938,21.9162,95.956
Myanmar,MMR,2013,60270,21.9162,95.956
Myanmar,MMR,2014,65446,21.9162,95.956
Myanmar,MMR,2015,59687,21.9162,95.956
Myanmar,MMR,2016,63256,21.9162,95.956
Myanmar,MMR,2017,66719,21.9162,95.956
Myanmar,MMR,2018,71215,21.9162,95.956
Namibia,NAM,2009,8876,-22.57,17.0835
Namibia,NAM,2010,11282,-22.57,17.0835
Namibia,NAM,2011,12410,-22.57,17.0835
Namibia,NAM,2012,13016,-22.57,17.0835
Namibia,NAM,2013,12718,-22.57,17.0835
Namibia,NAM,2014,12786,-22.57,17.0835
Namibia,NAM,2015,11651,-22.57,17.0835
Namibia,NAM,2016,11286,-22.57,17.0835
Namibia,NAM,2017,13566,-22.57,17.0835
Namibia,NAM,2018,14522,-22.57,17.0835
Nepal,NPL,2009,12855,27.7167,85.3166
Nepal,NPL,2010,16003,27.7167,85.3166
Nepal,NPL,2011,18914,27.7167,85.3166
Nepal,NPL,2012,18852,27.7167,85.3166
Nepal,NPL,2013,19271,27.7167,85.3166
Nepal,NPL,2014,20003,27.7167,85.3166
Nepal,NPL,2015,21411,27.7167,85.3166
Nepal,NPL,2016,21186,27.7167,85.3166
Nepal,NPL,2017,24880,27.7167,85.3166
Nepal,NPL,2018,28812,27.7167,85.3166
Netherlands,NLD,2009,868077,52.35,4.9166
Netherlands,NLD,2010,846555,52.35,4.9166
Netherlands,NLD,2011,904086,52.35,4.9166
Netherlands,NLD,2012,838971,52.35,4.9166
Netherlands,NLD,2013,876924,52.35,4.9166
Netherlands,NLD,2014,890981,52.35,4.9166
Netherlands,NLD,2015,765265,52.35,4.9166
Netherlands,NLD,2016,783528,52.35,4.9166
Netherlands,NLD,2017,831810,52.35,4.9166
Netherlands,NLD,2018,913658,52.35,4.9166
New Caledonia,NCL,2009,NA,-22.2625,166.4443
New Caledonia,NCL,2010,NA,-22.2625,166.4443
New Caledonia,NCL,2011,NA,-22.2625,166.4443
New Caledonia,NCL,2012,NA,-22.2625,166.4443
New Caledonia,NCL,2013,NA,-22.2625,166.4443
New Caledonia,NCL,2014,NA,-22.2625,166.4443
New Caledonia,NCL,2015,NA,-22.2625,166.4443
New Caledonia,NCL,2016,NA,-22.2625,166.4443
New Caledonia,NCL,2017,NA,-22.2625,166.4443
New Caledonia,NCL,2018,NA,-22.2625,166.4443
New Zealand,NZL,2009,121339,-41.3,174.7833
New Zealand,NZL,2010,146584,-41.3,174.7833
New Zealand,NZL,2011,168462,-41.3,174.7833
New Zealand,NZL,2012,176194,-41.3,174.7833
New Zealand,NZL,2013,190784,-41.3,174.7833
New Zealand,NZL,2014,200834,-41.3,174.7833
New Zealand,NZL,2015,177208,-41.3,174.7833
New Zealand,NZL,2016,187854,-41.3,174.7833
New Zealand,NZL,2017,202591,-41.3,174.7833
New Zealand,NZL,2018,205025,-41.3,174.7833
Nicaragua,NIC,2009,8299,12.153,-86.2685
Nicaragua,NIC,2010,8759,12.153,-86.2685
Nicaragua,NIC,2011,9774,12.153,-86.2685
Nicaragua,NIC,2012,10532,12.153,-86.2685
Nicaragua,NIC,2013,10983,12.153,-86.2685
Nicaragua,NIC,2014,11880,12.153,-86.2685
Nicaragua,NIC,2015,12757,12.153,-86.2685
Nicaragua,NIC,2016,13286,12.153,-86.2685
Nicaragua,NIC,2017,13844,12.153,-86.2685
Nicaragua,NIC,2018,13118,12.153,-86.2685
Niger,NER,2009,5373,13.5167,2.1167
Niger,NER,2010,5719,13.5167,2.1167
Niger,NER,2011,6409,13.5167,2.1167
Niger,NER,2012,6942,13.5167,2.1167
Niger,NER,2013,7668,13.5167,2.1167
Niger,NER,2014,8230,13.5167,2.1167
Niger,NER,2015,7218,13.5167,2.1167
Niger,NER,2016,7528,13.5167,2.1167
Niger,NER,2017,8120,13.5167,2.1167
Niger,NER,2018,9240,13.5167,2.1167
Nigeria,NGA,2009,291880,9.0833,7.5333
Nigeria,NGA,2010,363360,9.0833,7.5333
Nigeria,NGA,2011,410335,9.0833,7.5333
Nigeria,NGA,2012,459376,9.0833,7.5333
Nigeria,NGA,2013,514966,9.0833,7.5333
Nigeria,NGA,2014,568499,9.0833,7.5333
Nigeria,NGA,2015,494583,9.0833,7.5333
Nigeria,NGA,2016,404650,9.0833,7.5333
Nigeria,NGA,2017,375745,9.0833,7.5333
Nigeria,NGA,2018,397270,9.0833,7.5333
North Macedonia,MKD,2009,9402,42,21.4335
North Macedonia,MKD,2010,9407,42,21.4335
North Macedonia,MKD,2011,10495,42,21.4335
North Macedonia,MKD,2012,9745,42,21.4335
North Macedonia,MKD,2013,10818,42,21.4335
North Macedonia,MKD,2014,11362,42,21.4335
North Macedonia,MKD,2015,10065,42,21.4335
North Macedonia,MKD,2016,10672,42,21.4335
North Macedonia,MKD,2017,11280,42,21.4335
North Macedonia,MKD,2018,12672,42,21.4335
Northern Mariana Islands,MNP,2009,795,15.2137,145.7546
Northern Mariana Islands,MNP,2010,799,15.2137,145.7546
Northern Mariana Islands,MNP,2011,733,15.2137,145.7546
Northern Mariana Islands,MNP,2012,751,15.2137,145.7546
Northern Mariana Islands,MNP,2013,782,15.2137,145.7546
Northern Mariana Islands,MNP,2014,845,15.2137,145.7546
Northern Mariana Islands,MNP,2015,931,15.2137,145.7546
Northern Mariana Islands,MNP,2016,1250,15.2137,145.7546
Northern Mariana Islands,MNP,2017,1593,15.2137,145.7546
Northern Mariana Islands,MNP,2018,NA,15.2137,145.7546
Norway,NOR,2009,386622,59.9167,10.75
Norway,NOR,2010,429131,59.9167,10.75
Norway,NOR,2011,498832,59.9167,10.75
Norway,NOR,2012,510229,59.9167,10.75
Norway,NOR,2013,523502,59.9167,10.75
Norway,NOR,2014,499339,59.9167,10.75
Norway,NOR,2015,386663,59.9167,10.75
Norway,NOR,2016,371345,59.9167,10.75
Norway,NOR,2017,399489,59.9167,10.75
Norway,NOR,2018,434751,59.9167,10.75
Oman,OMN,2009,48388,23.6133,58.5933
Oman,OMN,2010,58642,23.6133,58.5933
Oman,OMN,2011,67938,23.6133,58.5933
Oman,OMN,2012,76689,23.6133,58.5933
Oman,OMN,2013,78784,23.6133,58.5933
Oman,OMN,2014,81077,23.6133,58.5933
Oman,OMN,2015,68921,23.6133,58.5933
Oman,OMN,2016,65941,23.6133,58.5933
Oman,OMN,2017,70784,23.6133,58.5933
Oman,OMN,2018,79295,23.6133,58.5933
Pakistan,PAK,2009,168153,33.7,73.1666
Pakistan,PAK,2010,177407,33.7,73.1666
Pakistan,PAK,2011,213587,33.7,73.1666
Pakistan,PAK,2012,224384,33.7,73.1666
Pakistan,PAK,2013,231219,33.7,73.1666
Pakistan,PAK,2014,244361,33.7,73.1666
Pakistan,PAK,2015,270556,33.7,73.1666
Pakistan,PAK,2016,278655,33.7,73.1666
Pakistan,PAK,2017,304952,33.7,73.1666
Pakistan,PAK,2018,312570,33.7,73.1666
Palau,PLW,2009,183,7.5,134.6242
Palau,PLW,2010,183,7.5,134.6242
Palau,PLW,2011,193,7.5,134.6242
Palau,PLW,2012,215,7.5,134.6242
Palau,PLW,2013,225,7.5,134.6242
Palau,PLW,2014,246,7.5,134.6242
Palau,PLW,2015,293,7.5,134.6242
Palau,PLW,2016,304,7.5,134.6242
Palau,PLW,2017,290,7.5,134.6242
Palau,PLW,2018,310,7.5,134.6242
Panama,PAN,2009,27117,8.968,-79.533
Panama,PAN,2010,29440,8.968,-79.533
Panama,PAN,2011,34686,8.968,-79.533
Panama,PAN,2012,40430,8.968,-79.533
Panama,PAN,2013,45600,8.968,-79.533
Panama,PAN,2014,49922,8.968,-79.533
Panama,PAN,2015,54092,8.968,-79.533
Panama,PAN,2016,57958,8.968,-79.533
Panama,PAN,2017,62284,8.968,-79.533
Panama,PAN,2018,65055,8.968,-79.533
Papua New Guinea,PNG,2009,11620,-9.4647,147.1925
Papua New Guinea,PNG,2010,14251,-9.4647,147.1925
Papua New Guinea,PNG,2011,17985,-9.4647,147.1925
Papua New Guinea,PNG,2012,21296,-9.4647,147.1925
Papua New Guinea,PNG,2013,21261,-9.4647,147.1925
Papua New Guinea,PNG,2014,23211,-9.4647,147.1925
Papua New Guinea,PNG,2015,21723,-9.4647,147.1925
Papua New Guinea,PNG,2016,20759,-9.4647,147.1925
Papua New Guinea,PNG,2017,22278,-9.4647,147.1925
Papua New Guinea,PNG,2018,23432,-9.4647,147.1925
Paraguay,PRY,2009,22342,-25.2964,-57.6415
Paraguay,PRY,2010,27216,-25.2964,-57.6415
Paraguay,PRY,2011,33716,-25.2964,-57.6415
Paraguay,PRY,2012,33283,-25.2964,-57.6415
Paraguay,PRY,2013,38585,-25.2964,-57.6415
Paraguay,PRY,2014,40277,-25.2964,-57.6415
Paraguay,PRY,2015,36164,-25.2964,-57.6415
Paraguay,PRY,2016,36054,-25.2964,-57.6415
Paraguay,PRY,2017,39009,-25.2964,-57.6415
Paraguay,PRY,2018,40842,-25.2964,-57.6415
Peru,PER,2009,120823,-12.048,-77.0501
Peru,PER,2010,147529,-12.048,-77.0501
Peru,PER,2011,171762,-12.048,-77.0501
Peru,PER,2012,192649,-12.048,-77.0501
Peru,PER,2013,201175,-12.048,-77.0501
Peru,PER,2014,200984,-12.048,-77.0501
Peru,PER,2015,189759,-12.048,-77.0501
Peru,PER,2016,191907,-12.048,-77.0501
Peru,PER,2017,210702,-12.048,-77.0501
Peru,PER,2018,222238,-12.048,-77.0501
Philippines,PHL,2009,168335,14.6042,120.9822
Philippines,PHL,2010,199591,14.6042,120.9822
Philippines,PHL,2011,224143,14.6042,120.9822
Philippines,PHL,2012,250092,14.6042,120.9822
Philippines,PHL,2013,271836,14.6042,120.9822
Philippines,PHL,2014,284585,14.6042,120.9822
Philippines,PHL,2015,292774,14.6042,120.9822
Philippines,PHL,2016,304898,14.6042,120.9822
Philippines,PHL,2017,313620,14.6042,120.9822
Philippines,PHL,2018,330910,14.6042,120.9822
Poland,POL,2009,439796,52.25,21
Poland,POL,2010,479321,52.25,21
Poland,POL,2011,528832,52.25,21
Poland,POL,2012,500361,52.25,21
Poland,POL,2013,524234,52.25,21
Poland,POL,2014,545389,52.25,21
Poland,POL,2015,477577,52.25,21
Poland,POL,2016,472028,52.25,21
Poland,POL,2017,526371,52.25,21
Poland,POL,2018,585783,52.25,21
Portugal,PRT,2009,243746,38.7227,-9.1449
Portugal,PRT,2010,238303,38.7227,-9.1449
Portugal,PRT,2011,244895,38.7227,-9.1449
Portugal,PRT,2012,216368,38.7227,-9.1449
Portugal,PRT,2013,226073,38.7227,-9.1449
Portugal,PRT,2014,229630,38.7227,-9.1449
Portugal,PRT,2015,199420,38.7227,-9.1449
Portugal,PRT,2016,206276,38.7227,-9.1449
Portugal,PRT,2017,219308,38.7227,-9.1449
Portugal,PRT,2018,237979,38.7227,-9.1449
Puerto Rico,PRI,2009,96386,18.2208,-66.5901
Puerto Rico,PRI,2010,98381,18.2208,-66.5901
Puerto Rico,PRI,2011,100352,18.2208,-66.5901
Puerto Rico,PRI,2012,101565,18.2208,-66.5901
Puerto Rico,PRI,2013,102450,18.2208,-66.5901
Puerto Rico,PRI,2014,102446,18.2208,-66.5901
Puerto Rico,PRI,2015,103376,18.2208,-66.5901
Puerto Rico,PRI,2016,104337,18.2208,-66.5901
Puerto Rico,PRI,2017,104250,18.2208,-66.5901
Puerto Rico,PRI,2018,101131,18.2208,-66.5901
Qatar,QAT,2009,97798,25.2866,51.533
Qatar,QAT,2010,125122,25.2866,51.533
Qatar,QAT,2011,167775,25.2866,51.533
Qatar,QAT,2012,186834,25.2866,51.533
Qatar,QAT,2013,198728,25.2866,51.533
Qatar,QAT,2014,206225,25.2866,51.533
Qatar,QAT,2015,161740,25.2866,51.533
Qatar,QAT,2016,151732,25.2866,51.533
Qatar,QAT,2017,166929,25.2866,51.533
Qatar,QAT,2018,192009,25.2866,51.533
Romania,ROU,2009,174104,44.4334,26.0999
Romania,ROU,2010,166225,44.4334,26.0999
Romania,ROU,2011,183443,44.4334,26.0999
Romania,ROU,2012,171196,44.4334,26.0999
Romania,ROU,2013,190949,44.4334,26.0999
Romania,ROU,2014,199627,44.4334,26.0999
Romania,ROU,2015,177893,44.4334,26.0999
Romania,ROU,2016,188494,44.4334,26.0999
Romania,ROU,2017,211407,44.4334,26.0999
Romania,ROU,2018,239553,44.4334,26.0999
Russian Federation,RUS,2009,1222644,55.7522,37.6155
Russian Federation,RUS,2010,1524917,55.7522,37.6155
Russian Federation,RUS,2011,2051662,55.7522,37.6155
Russian Federation,RUS,2012,2210257,55.7522,37.6155
Russian Federation,RUS,2013,2297128,55.7522,37.6155
Russian Federation,RUS,2014,2059984,55.7522,37.6155
Russian Federation,RUS,2015,1363594,55.7522,37.6155
Russian Federation,RUS,2016,1282724,55.7522,37.6155
Russian Federation,RUS,2017,1578624,55.7522,37.6155
Russian Federation,RUS,2018,1657554,55.7522,37.6155
Rwanda,RWA,2009,5373,-1.9536,30.0605
Rwanda,RWA,2010,5783,-1.9536,30.0605
Rwanda,RWA,2011,6563,-1.9536,30.0605
Rwanda,RWA,2012,7335,-1.9536,30.0605
Rwanda,RWA,2013,7622,-1.9536,30.0605
Rwanda,RWA,2014,8017,-1.9536,30.0605
Rwanda,RWA,2015,8278,-1.9536,30.0605
Rwanda,RWA,2016,8476,-1.9536,30.0605
Rwanda,RWA,2017,9135,-1.9536,30.0605
Rwanda,RWA,2018,9509,-1.9536,30.0605
Samoa,WSM,2009,561,-13.8415,-171.7386
Samoa,WSM,2010,643,-13.8415,-171.7386
Samoa,WSM,2011,740,-13.8415,-171.7386
Samoa,WSM,2012,801,-13.8415,-171.7386
Samoa,WSM,2013,805,-13.8415,-171.7386
Samoa,WSM,2014,805,-13.8415,-171.7386
Samoa,WSM,2015,804,-13.8415,-171.7386
Samoa,WSM,2016,787,-13.8415,-171.7386
Samoa,WSM,2017,842,-13.8415,-171.7386
Samoa,WSM,2018,861,-13.8415,-171.7386
San Marino,SMR,2009,2363,43.9172,12.4667
San Marino,SMR,2010,2139,43.9172,12.4667
San Marino,SMR,2011,2054,43.9172,12.4667
San Marino,SMR,2012,1800,43.9172,12.4667
San Marino,SMR,2013,1865,43.9172,12.4667
San Marino,SMR,2014,1789,43.9172,12.4667
San Marino,SMR,2015,1523,43.9172,12.4667
San Marino,SMR,2016,1564,43.9172,12.4667
San Marino,SMR,2017,1633,43.9172,12.4667
San Marino,SMR,2018,NA,43.9172,12.4667
Sao Tome and Principe,STP,2009,188,0.3334,6.7333
Sao Tome and Principe,STP,2010,197,0.3334,6.7333
Sao Tome and Principe,STP,2011,233,0.3334,6.7333
Sao Tome and Principe,STP,2012,253,0.3334,6.7333
Sao Tome and Principe,STP,2013,303,0.3334,6.7333
Sao Tome and Principe,STP,2014,349,0.3334,6.7333
Sao Tome and Principe,STP,2015,318,0.3334,6.7333
Sao Tome and Principe,STP,2016,348,0.3334,6.7333
Sao Tome and Principe,STP,2017,375,0.3334,6.7333
Sao Tome and Principe,STP,2018,422,0.3334,6.7333
Saudi Arabia,SAU,2009,429098,24.6408,46.7727
Saudi Arabia,SAU,2010,528207,24.6408,46.7727
Saudi Arabia,SAU,2011,671239,24.6408,46.7727
Saudi Arabia,SAU,2012,735975,24.6408,46.7727
Saudi Arabia,SAU,2013,746647,24.6408,46.7727
Saudi Arabia,SAU,2014,756350,24.6408,46.7727
Saudi Arabia,SAU,2015,654270,24.6408,46.7727
Saudi Arabia,SAU,2016,644936,24.6408,46.7727
Saudi Arabia,SAU,2017,688586,24.6408,46.7727
Saudi Arabia,SAU,2018,782483,24.6408,46.7727
Senegal,SEN,2009,16248,14.7158,-17.4731
Senegal,SEN,2010,16215,14.7158,-17.4731
Senegal,SEN,2011,17879,14.7158,-17.4731
Senegal,SEN,2012,17825,14.7158,-17.4731
Senegal,SEN,2013,18960,14.7158,-17.4731
Senegal,SEN,2014,19771,14.7158,-17.4731
Senegal,SEN,2015,17768,14.7158,-17.4731
Senegal,SEN,2016,19027,14.7158,-17.4731
Senegal,SEN,2017,21082,14.7158,-17.4731
Senegal,SEN,2018,24130,14.7158,-17.4731
Serbia,SRB,2009,45163,44.8186,20.468
Serbia,SRB,2010,41819,44.8186,20.468
Serbia,SRB,2011,49258,44.8186,20.468
Serbia,SRB,2012,43309,44.8186,20.468
Serbia,SRB,2013,48394,44.8186,20.468
Serbia,SRB,2014,47062,44.8186,20.468
Serbia,SRB,2015,39629,44.8186,20.468
Serbia,SRB,2016,40630,44.8186,20.468
Serbia,SRB,2017,44120,44.8186,20.468
Serbia,SRB,2018,50508,44.8186,20.468
Seychelles,SYC,2009,847,-4.6166,55.45
Seychelles,SYC,2010,970,-4.6166,55.45
Seychelles,SYC,2011,1066,-4.6166,55.45
Seychelles,SYC,2012,1060,-4.6166,55.45
Seychelles,SYC,2013,1328,-4.6166,55.45
Seychelles,SYC,2014,1343,-4.6166,55.45
Seychelles,SYC,2015,1377,-4.6166,55.45
Seychelles,SYC,2016,1428,-4.6166,55.45
Seychelles,SYC,2017,1503,-4.6166,55.45
Seychelles,SYC,2018,1590,-4.6166,55.45
Sierra Leone,SLE,2009,2454,8.47,-13.2342
Sierra Leone,SLE,2010,2578,8.47,-13.2342
Sierra Leone,SLE,2011,2943,8.47,-13.2342
Sierra Leone,SLE,2012,3802,8.47,-13.2342
Sierra Leone,SLE,2013,4920,8.47,-13.2342
Sierra Leone,SLE,2014,5015,8.47,-13.2342
Sierra Leone,SLE,2015,4219,8.47,-13.2342
Sierra Leone,SLE,2016,3675,8.47,-13.2342
Sierra Leone,SLE,2017,3740,8.47,-13.2342
Sierra Leone,SLE,2018,4000,8.47,-13.2342
Singapore,SGP,2009,194152,1.293,103.8558
Singapore,SGP,2010,239809,1.293,103.8558
Singapore,SGP,2011,279351,1.293,103.8558
Singapore,SGP,2012,295087,1.293,103.8558
Singapore,SGP,2013,307576,1.293,103.8558
Singapore,SGP,2014,314851,1.293,103.8558
Singapore,SGP,2015,308004,1.293,103.8558
Singapore,SGP,2016,318068,1.293,103.8558
Singapore,SGP,2017,338406,1.293,103.8558
Singapore,SGP,2018,364157,1.293,103.8558
Sint Maarten (Dutch part),SXM,2009,NA,18.0255,-63.045
Sint Maarten (Dutch part),SXM,2010,NA,18.0255,-63.045
Sint Maarten (Dutch part),SXM,2011,NA,18.0255,-63.045
Sint Maarten (Dutch part),SXM,2012,NA,18.0255,-63.045
Sint Maarten (Dutch part),SXM,2013,NA,18.0255,-63.045
Sint Maarten (Dutch part),SXM,2014,NA,18.0255,-63.045
Sint Maarten (Dutch part),SXM,2015,NA,18.0255,-63.045
Sint Maarten (Dutch part),SXM,2016,NA,18.0255,-63.045
Sint Maarten (Dutch part),SXM,2017,NA,18.0255,-63.045
Sint Maarten (Dutch part),SXM,2018,NA,18.0255,-63.045
Slovak Republic,SVK,2009,88946,48.15,17.117
Slovak Republic,SVK,2010,89501,48.15,17.117
Slovak Republic,SVK,2011,98181,48.15,17.117
Slovak Republic,SVK,2012,93414,48.15,17.117
Slovak Republic,SVK,2013,98478,48.15,17.117
Slovak Republic,SVK,2014,100948,48.15,17.117
Slovak Republic,SVK,2015,87770,48.15,17.117
Slovak Republic,SVK,2016,89848,48.15,17.117
Slovak Republic,SVK,2017,95618,48.15,17.117
Slovak Republic,SVK,2018,106472,48.15,17.117
Slovenia,SVN,2009,50245,46.0553,14.515
Slovenia,SVN,2010,48014,46.0553,14.515
Slovenia,SVN,2011,51291,46.0553,14.515
Slovenia,SVN,2012,46353,46.0553,14.515
Slovenia,SVN,2013,48116,46.0553,14.515
Slovenia,SVN,2014,49890,46.0553,14.515
Slovenia,SVN,2015,43102,46.0553,14.515
Slovenia,SVN,2016,44641,46.0553,14.515
Slovenia,SVN,2017,48456,46.0553,14.515
Slovenia,SVN,2018,54235,46.0553,14.515
Solomon Islands,SLB,2009,598,-9.438,159.9498
Solomon Islands,SLB,2010,681,-9.438,159.9498
Solomon Islands,SLB,2011,933,-9.438,159.9498
Solomon Islands,SLB,2012,1064,-9.438,159.9498
Solomon Islands,SLB,2013,1130,-9.438,159.9498
Solomon Islands,SLB,2014,1172,-9.438,159.9498
Solomon Islands,SLB,2015,1155,-9.438,159.9498
Solomon Islands,SLB,2016,1233,-9.438,159.9498
Solomon Islands,SLB,2017,1321,-9.438,159.9498
Solomon Islands,SLB,2018,1412,-9.438,159.9498
Somalia,SOM,2009,NA,2.0667,45.3667
Somalia,SOM,2010,NA,2.0667,45.3667
Somalia,SOM,2011,NA,2.0667,45.3667
Somalia,SOM,2012,NA,2.0667,45.3667
Somalia,SOM,2013,3368,2.0667,45.3667
Somalia,SOM,2014,3340,2.0667,45.3667
Somalia,SOM,2015,4049,2.0667,45.3667
Somalia,SOM,2016,4198,2.0667,45.3667
Somalia,SOM,2017,4509,2.0667,45.3667
Somalia,SOM,2018,4721,2.0667,45.3667
South Africa,ZAF,2009,295937,-25.7069,28.2294
South Africa,ZAF,2010,375348,-25.7069,28.2294
South Africa,ZAF,2011,416417,-25.7069,28.2294
South Africa,ZAF,2012,396329,-25.7069,28.2294
South Africa,ZAF,2013,366645,-25.7069,28.2294
South Africa,ZAF,2014,350638,-25.7069,28.2294
South Africa,ZAF,2015,317416,-25.7069,28.2294
South Africa,ZAF,2016,296341,-25.7069,28.2294
South Africa,ZAF,2017,349268,-25.7069,28.2294
South Africa,ZAF,2018,368288,-25.7069,28.2294
South Sudan,SSD,2009,12231,4.83,31.58
South Sudan,SSD,2010,15727,4.83,31.58
South Sudan,SSD,2011,17827,4.83,31.58
South Sudan,SSD,2012,10369,4.83,31.58
South Sudan,SSD,2013,13258,4.83,31.58
South Sudan,SSD,2014,13282,4.83,31.58
South Sudan,SSD,2015,12374,4.83,31.58
South Sudan,SSD,2016,3071,4.83,31.58
South Sudan,SSD,2017,NA,4.83,31.58
South Sudan,SSD,2018,NA,4.83,31.58
Spain,ESP,2009,1499100,40.4,-3.6834
Spain,ESP,2010,1431617,40.4,-3.6834
Spain,ESP,2011,1488067,40.4,-3.6834
Spain,ESP,2012,1336019,40.4,-3.6834
Spain,ESP,2013,1361854,40.4,-3.6834
Spain,ESP,2014,1376911,40.4,-3.6834
Spain,ESP,2015,1199084,40.4,-3.6834
Spain,ESP,2016,1237499,40.4,-3.6834
Spain,ESP,2017,1314314,40.4,-3.6834
Spain,ESP,2018,1426189,40.4,-3.6834
Sri Lanka,LKA,2009,42066,6.932,79.8578
Sri Lanka,LKA,2010,56726,6.932,79.8578
Sri Lanka,LKA,2011,65293,6.932,79.8578
Sri Lanka,LKA,2012,68434,6.932,79.8578
Sri Lanka,LKA,2013,74318,6.932,79.8578
Sri Lanka,LKA,2014,79356,6.932,79.8578
Sri Lanka,LKA,2015,80604,6.932,79.8578
Sri Lanka,LKA,2016,82401,6.932,79.8578
Sri Lanka,LKA,2017,88020,6.932,79.8578
Sri Lanka,LKA,2018,88901,6.932,79.8578
St. Kitts and Nevis,KNA,2009,767,17.302,-62.717
St. Kitts and Nevis,KNA,2010,767,17.302,-62.717
St. Kitts and Nevis,KNA,2011,819,17.302,-62.717
St. Kitts and Nevis,KNA,2012,800,17.302,-62.717
St. Kitts and Nevis,KNA,2013,849,17.302,-62.717
St. Kitts and Nevis,KNA,2014,917,17.302,-62.717
St. Kitts and Nevis,KNA,2015,936,17.302,-62.717
St. Kitts and Nevis,KNA,2016,959,17.302,-62.717
St. Kitts and Nevis,KNA,2017,992,17.302,-62.717
St. Kitts and Nevis,KNA,2018,1040,17.302,-62.717
St. Lucia,LCA,2009,1279,14.002,-61
St. Lucia,LCA,2010,1399,14.002,-61
St. Lucia,LCA,2011,1444,14.002,-61
St. Lucia,LCA,2012,1438,14.002,-61
St. Lucia,LCA,2013,1481,14.002,-61
St. Lucia,LCA,2014,1542,14.002,-61
St. Lucia,LCA,2015,1641,14.002,-61
St. Lucia,LCA,2016,1688,14.002,-61
St. Lucia,LCA,2017,1810,14.002,-61
St. Lucia,LCA,2018,1876,14.002,-61
St. Martin (French part),MAF,2009,NA,18.0706,-63.0847
St. Martin (French part),MAF,2010,NA,18.0706,-63.0847
St. Martin (French part),MAF,2011,NA,18.0706,-63.0847
St. Martin (French part),MAF,2012,NA,18.0706,-63.0847
St. Martin (French part),MAF,2013,NA,18.0706,-63.0847
St. Martin (French part),MAF,2014,NA,18.0706,-63.0847
St. Martin (French part),MAF,2015,NA,18.0706,-63.0847
St. Martin (French part),MAF,2016,NA,18.0706,-63.0847
St. Martin (French part),MAF,2017,NA,18.0706,-63.0847
St. Martin (French part),MAF,2018,NA,18.0706,-63.0847
St. Vincent and the Grenadines,VCT,2009,675,13.1483,-61.2121
St. Vincent and the Grenadines,VCT,2010,681,13.1483,-61.2121
St. Vincent and the Grenadines,VCT,2011,676,13.1483,-61.2121
St. Vincent and the Grenadines,VCT,2012,693,13.1483,-61.2121
St. Vincent and the Grenadines,VCT,2013,721,13.1483,-61.2121
St. Vincent and the Grenadines,VCT,2014,728,13.1483,-61.2121
St. Vincent and the Grenadines,VCT,2015,755,13.1483,-61.2121
St. Vincent and the Grenadines,VCT,2016,771,13.1483,-61.2121
St. Vincent and the Grenadines,VCT,2017,785,13.1483,-61.2121
St. Vincent and the Grenadines,VCT,2018,813,13.1483,-61.2121
Sudan,SDN,2009,53150,15.5881,32.5342
Sudan,SDN,2010,65634,15.5881,32.5342
Sudan,SDN,2011,67327,15.5881,32.5342
Sudan,SDN,2012,68126,15.5881,32.5342
Sudan,SDN,2013,72066,15.5881,32.5342
Sudan,SDN,2014,82152,15.5881,32.5342
Sudan,SDN,2015,96742,15.5881,32.5342
Sudan,SDN,2016,95558,15.5881,32.5342
Sudan,SDN,2017,123053,15.5881,32.5342
Sudan,SDN,2018,40852,15.5881,32.5342
Suriname,SUR,2009,3876,5.835,-55.167
Suriname,SUR,2010,4368,5.835,-55.167
Suriname,SUR,2011,4422,5.835,-55.167
Suriname,SUR,2012,4980,5.835,-55.167
Suriname,SUR,2013,5146,5.835,-55.167
Suriname,SUR,2014,5241,5.835,-55.167
Suriname,SUR,2015,4787,5.835,-55.167
Suriname,SUR,2016,3167,5.835,-55.167
Suriname,SUR,2017,3069,5.835,-55.167
Suriname,SUR,2018,3427,5.835,-55.167
Sweden,SWE,2009,430114,59.3508,18.0973
Sweden,SWE,2010,488909,59.3508,18.0973
Sweden,SWE,2011,563797,59.3508,18.0973
Sweden,SWE,2012,544482,59.3508,18.0973
Sweden,SWE,2013,579361,59.3508,18.0973
Sweden,SWE,2014,574413,59.3508,18.0973
Sweden,SWE,2015,498118,59.3508,18.0973
Sweden,SWE,2016,512205,59.3508,18.0973
Sweden,SWE,2017,535607,59.3508,18.0973
Sweden,SWE,2018,551032,59.3508,18.0973
Switzerland,CHE,2009,541507,46.9167,7.467
Switzerland,CHE,2010,583783,46.9167,7.467
Switzerland,CHE,2011,699580,46.9167,7.467
Switzerland,CHE,2012,668044,46.9167,7.467
Switzerland,CHE,2013,688504,46.9167,7.467
Switzerland,CHE,2014,709183,46.9167,7.467
Switzerland,CHE,2015,679832,46.9167,7.467
Switzerland,CHE,2016,670181,46.9167,7.467
Switzerland,CHE,2017,678965,46.9167,7.467
Switzerland,CHE,2018,705501,46.9167,7.467
Syrian Arab Republic,SYR,2009,NA,33.5,36.3
Syrian Arab Republic,SYR,2010,NA,33.5,36.3
Syrian Arab Republic,SYR,2011,NA,33.5,36.3
Syrian Arab Republic,SYR,2012,NA,33.5,36.3
Syrian Arab Republic,SYR,2013,NA,33.5,36.3
Syrian Arab Republic,SYR,2014,NA,33.5,36.3
Syrian Arab Republic,SYR,2015,NA,33.5,36.3
Syrian Arab Republic,SYR,2016,NA,33.5,36.3
Syrian Arab Republic,SYR,2017,NA,33.5,36.3
Syrian Arab Republic,SYR,2018,NA,33.5,36.3
Tajikistan,TJK,2009,4979,38.56,68.7739
Tajikistan,TJK,2010,5642,38.56,68.7739
Tajikistan,TJK,2011,6523,38.56,68.7739
Tajikistan,TJK,2012,7633,38.56,68.7739
Tajikistan,TJK,2013,8448,38.56,68.7739
Tajikistan,TJK,2014,9113,38.56,68.7739
Tajikistan,TJK,2015,7855,38.56,68.7739
Tajikistan,TJK,2016,6953,38.56,68.7739
Tajikistan,TJK,2017,7158,38.56,68.7739
Tajikistan,TJK,2018,7523,38.56,68.7739
Tanzania,TZA,2009,29081,-6.1833,35.75
Tanzania,TZA,2010,32014,-6.1833,35.75
Tanzania,TZA,2011,34657,-6.1833,35.75
Tanzania,TZA,2012,39651,-6.1833,35.75
Tanzania,TZA,2013,45681,-6.1833,35.75
Tanzania,TZA,2014,49965,-6.1833,35.75
Tanzania,TZA,2015,47379,-6.1833,35.75
Tanzania,TZA,2016,49774,-6.1833,35.75
Tanzania,TZA,2017,53321,-6.1833,35.75
Tanzania,TZA,2018,57437,-6.1833,35.75
Thailand,THA,2009,281710,13.75,100.5166
Thailand,THA,2010,341105,13.75,100.5166
Thailand,THA,2011,370819,13.75,100.5166
Thailand,THA,2012,397558,13.75,100.5166
Thailand,THA,2013,420333,13.75,100.5166
Thailand,THA,2014,407339,13.75,100.5166
Thailand,THA,2015,401296,13.75,100.5166
Thailand,THA,2016,412353,13.75,100.5166
Thailand,THA,2017,455276,13.75,100.5166
Thailand,THA,2018,504993,13.75,100.5166
Timor-Leste,TLS,2009,3200,-8.5594,125.5795
Timor-Leste,TLS,2010,3999,-8.5594,125.5795
Timor-Leste,TLS,2011,5672,-8.5594,125.5795
Timor-Leste,TLS,2012,6662,-8.5594,125.5795
Timor-Leste,TLS,2013,5638,-8.5594,125.5795
Timor-Leste,TLS,2014,4042,-8.5594,125.5795
Timor-Leste,TLS,2015,3093,-8.5594,125.5795
Timor-Leste,TLS,2016,2504,-8.5594,125.5795
Timor-Leste,TLS,2017,2487,-8.5594,125.5795
Timor-Leste,TLS,2018,2581,-8.5594,125.5795
Togo,TGO,2009,3366,6.1319,1.2228
Togo,TGO,2010,3426,6.1319,1.2228
Togo,TGO,2011,3867,6.1319,1.2228
Togo,TGO,2012,3874,6.1319,1.2228
Togo,TGO,2013,4320,6.1319,1.2228
Togo,TGO,2014,4569,6.1319,1.2228
Togo,TGO,2015,4179,6.1319,1.2228
Togo,TGO,2016,4415,6.1319,1.2228
Togo,TGO,2017,4766,6.1319,1.2228
Togo,TGO,2018,5300,6.1319,1.2228
Tonga,TON,2009,318,-21.1385,-175.2206
Tonga,TON,2010,369,-21.1385,-175.2206
Tonga,TON,2011,423,-21.1385,-175.2206
Tonga,TON,2012,472,-21.1385,-175.2206
Tonga,TON,2013,451,-21.1385,-175.2206
Tonga,TON,2014,444,-21.1385,-175.2206
Tonga,TON,2015,435,-21.1385,-175.2206
Tonga,TON,2016,401,-21.1385,-175.2206
Tonga,TON,2017,430,-21.1385,-175.2206
Tonga,TON,2018,450,-21.1385,-175.2206
Trinidad and Tobago,TTO,2009,19172,10.652,-61.517
Trinidad and Tobago,TTO,2010,22158,10.652,-61.517
Trinidad and Tobago,TTO,2011,25433,10.652,-61.517
Trinidad and Tobago,TTO,2012,25769,10.652,-61.517
Trinidad and Tobago,TTO,2013,27110,10.652,-61.517
Trinidad and Tobago,TTO,2014,27478,10.652,-61.517
Trinidad and Tobago,TTO,2015,25122,10.652,-61.517
Trinidad and Tobago,TTO,2016,21746,10.652,-61.517
Trinidad and Tobago,TTO,2017,22250,10.652,-61.517
Trinidad and Tobago,TTO,2018,23410,10.652,-61.517
Tunisia,TUN,2009,43455,36.8028,10.1797
Tunisia,TUN,2010,44051,36.8028,10.1797
Tunisia,TUN,2011,45811,36.8028,10.1797
Tunisia,TUN,2012,45044,36.8028,10.1797
Tunisia,TUN,2013,46251,36.8028,10.1797
Tunisia,TUN,2014,47632,36.8028,10.1797
Tunisia,TUN,2015,43153,36.8028,10.1797
Tunisia,TUN,2016,41808,36.8028,10.1797
Tunisia,TUN,2017,39952,36.8028,10.1797
Tunisia,TUN,2018,39861,36.8028,10.1797
Turkey,TUR,2009,644640,39.9272,32.8644
Turkey,TUR,2010,771902,39.9272,32.8644
Turkey,TUR,2011,832524,39.9272,32.8644
Turkey,TUR,2012,873982,39.9272,32.8644
Turkey,TUR,2013,950579,39.9272,32.8644
Turkey,TUR,2014,934186,39.9272,32.8644
Turkey,TUR,2015,859797,39.9272,32.8644
Turkey,TUR,2016,863722,39.9272,32.8644
Turkey,TUR,2017,851549,39.9272,32.8644
Turkey,TUR,2018,766509,39.9272,32.8644
Turkmenistan,TKM,2009,20214,37.95,58.3833
Turkmenistan,TKM,2010,22583,37.95,58.3833
Turkmenistan,TKM,2011,29233,37.95,58.3833
Turkmenistan,TKM,2012,35164,37.95,58.3833
Turkmenistan,TKM,2013,39198,37.95,58.3833
Turkmenistan,TKM,2014,43524,37.95,58.3833
Turkmenistan,TKM,2015,35800,37.95,58.3833
Turkmenistan,TKM,2016,36180,37.95,58.3833
Turkmenistan,TKM,2017,37926,37.95,58.3833
Turkmenistan,TKM,2018,40761,37.95,58.3833
Turks and Caicos Islands,TCA,2009,703,21.4664,-71.136
Turks and Caicos Islands,TCA,2010,687,21.4664,-71.136
Turks and Caicos Islands,TCA,2011,729,21.4664,-71.136
Turks and Caicos Islands,TCA,2012,716,21.4664,-71.136
Turks and Caicos Islands,TCA,2013,741,21.4664,-71.136
Turks and Caicos Islands,TCA,2014,824,21.4664,-71.136
Turks and Caicos Islands,TCA,2015,894,21.4664,-71.136
Turks and Caicos Islands,TCA,2016,950,21.4664,-71.136
Turks and Caicos Islands,TCA,2017,963,21.4664,-71.136
Turks and Caicos Islands,TCA,2018,1022,21.4664,-71.136
Tuvalu,TUV,2009,27,-8.5167,179.2166
Tuvalu,TUV,2010,32,-8.5167,179.2166
Tuvalu,TUV,2011,39,-8.5167,179.2166
Tuvalu,TUV,2012,38,-8.5167,179.2166
Tuvalu,TUV,2013,38,-8.5167,179.2166
Tuvalu,TUV,2014,37,-8.5167,179.2166
Tuvalu,TUV,2015,35,-8.5167,179.2166
Tuvalu,TUV,2016,37,-8.5167,179.2166
Tuvalu,TUV,2017,41,-8.5167,179.2166
Tuvalu,TUV,2018,43,-8.5167,179.2166
Uganda,UGA,2009,18169,0.3167,32.5833
Uganda,UGA,2010,20186,0.3167,32.5833
Uganda,UGA,2011,20176,0.3167,32.5833
Uganda,UGA,2012,23114,0.3167,32.5833
Uganda,UGA,2013,24600,0.3167,32.5833
Uganda,UGA,2014,27292,0.3167,32.5833
Uganda,UGA,2015,27103,0.3167,32.5833
Uganda,UGA,2016,24134,0.3167,32.5833
Uganda,UGA,2017,25995,0.3167,32.5833
Uganda,UGA,2018,27477,0.3167,32.5833
Ukraine,UKR,2009,117113,50.4334,30.5166
Ukraine,UKR,2010,136013,50.4334,30.5166
Ukraine,UKR,2011,163160,50.4334,30.5166
Ukraine,UKR,2012,175781,50.4334,30.5166
Ukraine,UKR,2013,183310,50.4334,30.5166
Ukraine,UKR,2014,133503,50.4334,30.5166
Ukraine,UKR,2015,91031,50.4334,30.5166
Ukraine,UKR,2016,93356,50.4334,30.5166
Ukraine,UKR,2017,112190,50.4334,30.5166
Ukraine,UKR,2018,130832,50.4334,30.5166
United Arab Emirates,ARE,2009,253547,24.4667,54.3666
United Arab Emirates,ARE,2010,289787,24.4667,54.3666
United Arab Emirates,ARE,2011,350666,24.4667,54.3666
United Arab Emirates,ARE,2012,374591,24.4667,54.3666
United Arab Emirates,ARE,2013,390108,24.4667,54.3666
United Arab Emirates,ARE,2014,403137,24.4667,54.3666
United Arab Emirates,ARE,2015,358135,24.4667,54.3666
United Arab Emirates,ARE,2016,357045,24.4667,54.3666
United Arab Emirates,ARE,2017,382575,24.4667,54.3666
United Arab Emirates,ARE,2018,414179,24.4667,54.3666
United Kingdom,GBR,2009,2394786,51.5,-0.1167
United Kingdom,GBR,2010,2452900,51.5,-0.1167
United Kingdom,GBR,2011,2634896,51.5,-0.1167
United Kingdom,GBR,2012,2676605,51.5,-0.1167
United Kingdom,GBR,2013,2753565,51.5,-0.1167
United Kingdom,GBR,2014,3034729,51.5,-0.1167
United Kingdom,GBR,2015,2896421,51.5,-0.1167
United Kingdom,GBR,2016,2659239,51.5,-0.1167
United Kingdom,GBR,2017,2637866,51.5,-0.1167
United Kingdom,GBR,2018,2825208,51.5,-0.1167
United States,USA,2009,14448933,38.9047,-77.0163
United States,USA,2010,14992053,38.9047,-77.0163
United States,USA,2011,15542581,38.9047,-77.0163
United States,USA,2012,16197007,38.9047,-77.0163
United States,USA,2013,16784849,38.9047,-77.0163
United States,USA,2014,17521747,38.9047,-77.0163
United States,USA,2015,18219298,38.9047,-77.0163
United States,USA,2016,18707188,38.9047,-77.0163
United States,USA,2017,19485394,38.9047,-77.0163
United States,USA,2018,20494100,38.9047,-77.0163
Uruguay,URY,2009,31661,-34.858,-56.1711
Uruguay,URY,2010,40284,-34.858,-56.1711
Uruguay,URY,2011,47962,-34.858,-56.1711
Uruguay,URY,2012,51264,-34.858,-56.1711
Uruguay,URY,2013,57531,-34.858,-56.1711
Uruguay,URY,2014,57236,-34.858,-56.1711
Uruguay,URY,2015,53274,-34.858,-56.1711
Uruguay,URY,2016,52688,-34.858,-56.1711
Uruguay,URY,2017,56489,-34.858,-56.1711
Uruguay,URY,2018,59597,-34.858,-56.1711
Uzbekistan,UZB,2009,33689,41.3117,69.2949
Uzbekistan,UZB,2010,39333,41.3117,69.2949
Uzbekistan,UZB,2011,45915,41.3117,69.2949
Uzbekistan,UZB,2012,51822,41.3117,69.2949
Uzbekistan,UZB,2013,57691,41.3117,69.2949
Uzbekistan,UZB,2014,76659,41.3117,69.2949
Uzbekistan,UZB,2015,81847,41.3117,69.2949
Uzbekistan,UZB,2016,81779,41.3117,69.2949
Uzbekistan,UZB,2017,59160,41.3117,69.2949
Uzbekistan,UZB,2018,50500,41.3117,69.2949
Vanuatu,VUT,2009,610,-17.7334,168.3166
Vanuatu,VUT,2010,701,-17.7334,168.3166
Vanuatu,VUT,2011,792,-17.7334,168.3166
Vanuatu,VUT,2012,782,-17.7334,168.3166
Vanuatu,VUT,2013,802,-17.7334,168.3166
Vanuatu,VUT,2014,815,-17.7334,168.3166
Vanuatu,VUT,2015,738,-17.7334,168.3166
Vanuatu,VUT,2016,788,-17.7334,168.3166
Vanuatu,VUT,2017,850,-17.7334,168.3166
Vanuatu,VUT,2018,888,-17.7334,168.3166
"Venezuela, RB",VEN,2009,329788,10.501,-66.917
"Venezuela, RB",VEN,2010,393192,10.501,-66.917
"Venezuela, RB",VEN,2011,316482,10.501,-66.917
"Venezuela, RB",VEN,2012,381286,10.501,-66.917
"Venezuela, RB",VEN,2013,371005,10.501,-66.917
"Venezuela, RB",VEN,2014,482359,10.501,-66.917
"Venezuela, RB",VEN,2015,NA,10.501,-66.917
"Venezuela, RB",VEN,2016,NA,10.501,-66.917
"Venezuela, RB",VEN,2017,NA,10.501,-66.917
"Venezuela, RB",VEN,2018,NA,10.501,-66.917
Vietnam,VNM,2009,106015,21.0333,105.85
Vietnam,VNM,2010,115932,21.0333,105.85
Vietnam,VNM,2011,135539,21.0333,105.85
Vietnam,VNM,2012,155820,21.0333,105.85
Vietnam,VNM,2013,171222,21.0333,105.85
Vietnam,VNM,2014,186205,21.0333,105.85
Vietnam,VNM,2015,193241,21.0333,105.85
Vietnam,VNM,2016,205276,21.0333,105.85
Vietnam,VNM,2017,223780,21.0333,105.85
Vietnam,VNM,2018,244948,21.0333,105.85
West Bank and Gaza,PSE,2009,7268,31.7764,35.2269
West Bank and Gaza,PSE,2010,8913,31.7764,35.2269
West Bank and Gaza,PSE,2011,10465,31.7764,35.2269
West Bank and Gaza,PSE,2012,11279,31.7764,35.2269
West Bank and Gaza,PSE,2013,12476,31.7764,35.2269
West Bank and Gaza,PSE,2014,12716,31.7764,35.2269
West Bank and Gaza,PSE,2015,12673,31.7764,35.2269
West Bank and Gaza,PSE,2016,13426,31.7764,35.2269
West Bank and Gaza,PSE,2017,14498,31.7764,35.2269
West Bank and Gaza,PSE,2018,14616,31.7764,35.2269
"Yemen, Rep.",YEM,2009,25130,15.3547,44.2066
"Yemen, Rep.",YEM,2010,30907,15.3547,44.2066
"Yemen, Rep.",YEM,2011,32726,15.3547,44.2066
"Yemen, Rep.",YEM,2012,35401,15.3547,44.2066
"Yemen, Rep.",YEM,2013,40415,15.3547,44.2066
"Yemen, Rep.",YEM,2014,43229,15.3547,44.2066
"Yemen, Rep.",YEM,2015,42628,15.3547,44.2066
"Yemen, Rep.",YEM,2016,30968,15.3547,44.2066
"Yemen, Rep.",YEM,2017,26819,15.3547,44.2066
"Yemen, Rep.",YEM,2018,26914,15.3547,44.2066
Zambia,ZMB,2009,15328,-15.4166,28.2833
Zambia,ZMB,2010,20266,-15.4166,28.2833
Zambia,ZMB,2011,23460,-15.4166,28.2833
Zambia,ZMB,2012,25503,-15.4166,28.2833
Zambia,ZMB,2013,28045,-15.4166,28.2833
Zambia,ZMB,2014,27151,-15.4166,28.2833
Zambia,ZMB,2015,21154,-15.4166,28.2833
Zambia,ZMB,2016,20955,-15.4166,28.2833
Zambia,ZMB,2017,25868,-15.4166,28.2833
Zambia,ZMB,2018,26720,-15.4166,28.2833
Zimbabwe,ZWE,2009,9666,-17.8178,31.0447
Zimbabwe,ZWE,2010,12042,-17.8178,31.0447
Zimbabwe,ZWE,2011,14102,-17.8178,31.0447
Zimbabwe,ZWE,2012,17115,-17.8178,31.0447
Zimbabwe,ZWE,2013,19091,-17.8178,31.0447
Zimbabwe,ZWE,2014,19496,-17.8178,31.0447
Zimbabwe,ZWE,2015,19963,-17.8178,31.0447
Zimbabwe,ZWE,2016,20549,-17.8178,31.0447
Zimbabwe,ZWE,2017,22813,-17.8178,31.0447
Zimbabwe,ZWE,2018,31001,-17.8178,31.0447